estado_accion,estado_velocidad,frase,accion,velocidad
apagado,detenida,prender,prender,detenida
apagado,detenida,prendete rapido,prender,detenida
apagado,detenida,enciende,prender,detenida
apagado,detenida,ACTIVATE,prender,detenida
prendida,detenida,APAGUETE...,apagar,detenida
prendida,detenida,descansa,apagar,detenida
prendida,detenida,duerme??,apagar,detenida
prendida,detenida,hiberna,apagar,detenida
prendida,detenida,ADELANTE!,adelante,null
prendida,detenida,adelanTe rapido,adelante,rapido
prendida,detenida,rapido,null,rapido
adelante,detenida,rapido,adelante,rapido
adelante,rapido,derecha,adelante + derecha,rapido
adelante + derecha,rapido,IZQUIERDA,adelante,rapido
adelante,rapido,iZquIerdA??,adelante + izquierda,rapido
adelante + izquierda,rapido,adelante,adelante,rapido
adelante,rapido,disminuye la velocidad,adelante,normal
prendida,detenida,derecha,derecha,null
derecha,detenida,Rapido,derecha,rapido
prendida,detenida,vE pa' lA iZquieRda rApido,izquierda,rapido
apagado,detenida,EncIeNdEtE ahorita,prender,detenida
adelante + izquierda,lenta,gira a la derecha,adelante,lenta
prendida,detenida,ve derecho con cuidado,adelante,lenta
apagado,detenida,inicia de inmediato...,prender,detenida
prendida,detenida,derecha,derecha,null
prendida,detenida,modo normal ahorita,null,normal
adelante,normal,Reduce La Velocidad Ahora,adelante,lenta
adelante,lenta,Silla Derecha,adelante + derecha,lenta
apagado,detenida,ACTIVATE EN ESTE MOMENTO,prender,detenida
adelante + derecha,rapido,SILLA IZQUIERDA.,adelante,rapido
prendida,detenida,silla apaga,apagar,detenida
adelante,rapido,normal en friega,adelante,normal
adelante + derecha,normal,VAMOS ADELANTE,adelante,normal
prendida,detenida,gira para La dErecha mete VelocIdad,derecha,rapido
adelante + izquierda,normal,derecha ya,adelante,normal
prendida,normal,con mas velocidad de una,null,rapido
adelante,rapido,a la derecha,adelante + derecha,rapido
apagado,detenida,enciende ya,prender,detenida
apagado,detenida,Inicia En Friega,prender,detenida
prendida,normal,vamos adelante,adelante,null
adelante,rapido,derecha,adelante + derecha,rapido
prendida,detenida,adelantate.,adelante,normal
prendida,detenida,echale derecho normal,adelante,normal
adelante,lenta,BAJALE LA VELOCIDAD AHORITA,adelante,lenta
prendida,detenida,voltea pa' la derecha suavecito,derecha,lenta
prendida,detenida,dale adelante,adelante,null
prendida,detenida,rueda al frente despacio,adelante,lenta
adelante + izquierda,normal,voltea a la derecha,adelante,normal
prendida,lenta,VELOCIDAD NORMAL EN FRIEGA,null,normal
derecha,detenida,no tan rapido ya??,derecha,lenta
prendida,detenida,al frente tranqui,adelante,lenta
prendida,detenida,gira a la derecha,derecha,null
prendida,detenida,dale hacia adelante,adelante,normal
adelante,normal,subele la velocidad ahorita,adelante,rapido
adelante,rapido,a velocidad normal en este momento,adelante,normal
adelante,normal,reduce la velocidad en corto,adelante,lenta
prendida,detenida,apagate ahorita,apagar,detenida
adelante,detenida,silla derecha,adelante + derecha,detenida
prendida,detenida,reduce la velocidad ahora,null,lenta
adelante,lenta,voltea a la derecha,adelante + derecha,lenta
prendida,lenta,velocidad normal en friega!,null,normal
prendida,detenida,arRAnCate al freNTe desPAciTo,adelante,lenta
adelante,rapido,silLa DerechA,adelante + derecha,rapido
prendida,normal,bajale la velocidad de inmediato,null,lenta
prendida,detenida,gira al lado izquierdo mas rapido,izquierda,rapido
prendida,normal,pa enfrente,adelante,null
prendida,detenida,a la izquierda,izquierda,null
apagado,detenida,prendete ahorita,prender,detenida
prendida,detenida,apaga,apagar,detenida
prendida,detenida,VolteA a la izquIerda,izquierda,null
prendida,detenida,derecha modo normal!,derecha,normal
prendida,detenida,despacito.,null,lenta
prendida,normal,normal ahorita!!,null,normal
prendida,detenida,mete velocidad,null,rapido
prendida,detenida,a la derecha,derecha,null
prendida,detenida,ARRANCATE AL FRENTE DESPACITO,adelante,lenta
adelante,detenida,modo normal ya,adelante,normal
prendida,detenida,silla izquierda,izquierda,null
prendida,rapido,mete mas velocidad ahora?,null,rapido
prendida,detenida,apaga ya,apagar,detenida
adelante,lenta,silla izquierda,adelante + izquierda,lenta
apagado,detenida,enciende,prender,detenida
adelante,lenta,derecha ya,adelante + derecha,lenta
prendida,detenida,METE MAS VELOCIDAD,null,rapido
adelante,rapido,izquierda,adelante + izquierda,rapido
prendida,normal,manten velocidad normal ahora,null,normal
adelante + izquierda,rapido,dale adelante,adelante,rapido
prendida,detenida,a la izquierda,izquierda,null
adelante,normal,voltea a la derecha,adelante + derecha,normal
adelante,rapido,Gira A La Derecha,adelante + derecha,rapido
adelante,normal,mete mas velocidad ahora,adelante,rapido
adelante,rapido,Izquierda Ya!,adelante + izquierda,rapido
adelante,rapido,a velocidad normal,adelante,normal
adelante,lenta,gira a la derecha,adelante + derecha,lenta
adelante + derecha,rapido,gira a la izquierda,adelante,rapido
prendida,detenida,silla derecha,derecha,null
adelante,rapido,derecha,adelante + derecha,rapido
adelante,detenida,reduce la velocidad!!,adelante,lenta
adelante,lenta,SILLA IZQUIERDA,adelante + izquierda,lenta
prendida,lenta,reduce la velocidad ahora,null,lenta
derecha,rapido,subele la veLOcidad ahoritA...,derecha,rapido
prendida,lenta,vamos adelante,adelante,null
prendida,detenida,Camina Hacia Enfrente Rapido,adelante,rapido
adelante,lenta,SILLA IZQUIERDA,adelante + izquierda,lenta
apagado,detenida,enciende ya,prender,detenida
adelante,lenta,cON caLMA DE InmediatO,adelante,lenta
adelante,normal,Manten Velocidad Normal En Friega,adelante,normal
prendida,detenida,apagate de una,apagar,detenida
adelante + derecha,rapido,para enfrente!!,adelante,rapido
adelante,detenida,lenta.,adelante,lenta
prendida,detenida,avanza,adelante,null
prendida,detenida,para enfrente,adelante,null
adelante + izquierda,lenta,derecha...,adelante,lenta
prendida,detenida,voltea a la derecha,derecha,null
prendida,detenida,avanza mete velocidad!,adelante,rapido
prendida,detenida,adelante,adelante,null
adelante,rapido,derecha ya,adelante + derecha,rapido
adelante,rapido,silla izquierda,adelante + izquierda,rapido
prendida,lenta,AUMENTA LA VELOCIDAD YA.,null,rapido
prendida,rapido,no tan rapido en friega,null,lenta
prendida,detenida,muevete adelante,adelante,null
prendida,detenida,muevete hacia la derecha lento,derecha,lenta
adelante + izquierda,normal,derecha ya,adelante,normal
prendida,detenida,arrancate derecho suavecito,adelante,lenta
prendida,detenida,desconectate en friega,apagar,detenida
prendida,detenida,Apagate Ahora?,apagar,detenida
adelante,rapido,voltea a la derecha,adelante + derecha,rapido
prendida,lenta,CON MAS VELOCIDAD EN ESTE MOMENTO,null,rapido
adelante,normal,izquierda ya,adelante + izquierda,normal
prendida,detenida,tuerce para la izquierda despacito,izquierda,lenta
prendida,detenida,SILLA IZQUIERDA,izquierda,null
adelante,rapido,acelera de una,adelante,rapido
adelante + izquierda,normal,derecha.,adelante,normal
prendida,detenida,ARRANCATE HACIA ADELANTE,adelante,normal
derecha,rapido,Reduce lA velocidad ahora!,derecha,lenta
adelante,lenta,gira a la izquierda?,adelante + izquierda,lenta
prendida,lenta,avanza,adelante,null
adelante + derecha,normal,avanza,adelante,normal
prendida,normal,normal en friega,null,normal
adelante,normal,izquierda ya,adelante + izquierda,normal
adelante,lenta,Silla Derecha,adelante + derecha,lenta
apagado,detenida,enciende en este momento,prender,detenida
prendida,detenida,continua de frente,adelante,normal
adelante,lenta,A La Izquierda,adelante + izquierda,lenta
adelante,detenida,silla derecha,adelante + derecha,detenida
adelante,lenta,izQuierda Ya,adelante + izquierda,lenta
prendida,rapido,bajale la velocidad ahorita,null,lenta
adelante,rapido,derecha ya,adelante + derecha,rapido
adelante,detenida,a la izquierda,adelante + izquierda,detenida
adelante,lenta,derECha Ya,adelante + derecha,lenta
adelante,rapido,DESACELERA AHORITA.,adelante,lenta
adelante,rapido,silla izquierda,adelante + izquierda,rapido
adelante + derecha,detenida,a la izquierda,adelante,detenida
adelante,normal,izquierda,adelante + izquierda,normal
prendida,detenida,apagate en friega,apagar,detenida
adelante + derecha,normal,avanza,adelante,normal
prendida,detenida,vamos adelante,adelante,null
prendida,detenida,rueda hacia adelante con mas velocidad,adelante,rapido
prendida,detenida,dale adelante...,adelante,null
adelante + derecha,normal,gira a la izquierda,adelante,normal
prendida,detenida,AVANZA,adelante,null
prendida,rapido,subele la velocidad ya,null,rapido
apagado,detenida,prende ahorita,prender,detenida
prendida,detenida,siGue paRa EnfreNte,adelante,normal
adelante + izquierda,lenta,gira a la derecha,adelante,lenta
prendida,rapido,ECHALE PARA ENFRENTE,adelante,null
prendida,normal,vamos adelante,adelante,null
adelante,lenta,mas rapido eN estE mOmenTo,adelante,rapido
prendida,detenida,disminuye la velocidad,null,normal
adelante + izquierda,normal,dereChA,adelante,normal
apagado,detenida,prenDete aHora,prender,detenida
adelante,normal,A La DerecHa,adelante + derecha,normal
izquierda,normal,acelera,izquierda,rapido
adelante,lenta,derecha ya,adelante + derecha,lenta
prendida,detenida,reduce velocidad,null,lenta
prendida,rapido,Sube La Velocidad,null,rapido
adelante,normal,voltea a la derecha??,adelante + derecha,normal
prendida,detenida,pA eNfRentE,adelante,null
prendida,lenta,reduce la velocidad de una,null,lenta
prendida,detenida,modo normal,null,normal
adelante,lenta,CON MAS VELOCIDAD,adelante,rapido
prendida,normal,SILLA ADELANTE,adelante,null
prendida,rapido,reduce la velocidad,null,lenta
apagado,detenida,activate en este momento,prender,detenida
prendida,detenida,silla adelante,adelante,null
prendida,rapido,vamos adelante,adelante,null
adelante + izquierda,lenta,pa enfrente,adelante,lenta
adelante + derecha,normal,avanza,adelante,normal
apagado,detenida,ACTIVATE EN CORTO,prender,detenida
adelante,normal,silla derecha!,adelante + derecha,normal
prendida,rapido,adelante,adelante,null
prendida,detenida,a velocidad normal de una,null,normal
adelante,lenta,derecha,adelante + derecha,lenta
adelante + derecha,normal,A LA IZQUIERDA,adelante,normal
adelante + izquierda,normal,gira a la derecha,adelante,normal
adelante,rapido,aumenta la velocidad ahorita,adelante,rapido
adelante + izquierda,rapido,gira a la derecha,adelante,rapido
prendida,detenida,a la derecha.,derecha,null
adelante,rapido,mete mas velocidad en este momento,adelante,rapido
adelante + derecha,normal,vamos adelante,adelante,normal
prendida,rapido,CON MAS VELOCIDAD DE INMEDIATO,null,rapido
prendida,normal,adelante,adelante,null
prendida,detenida,continua hacia adelante,adelante,normal
adelante,detenida,silla derecha??,adelante + derecha,detenida
prendida,normal,con mas veloCiDaD en este Momento!,null,rapido
adelante,detenida,modo normal,adelante,normal
apagado,detenida,activate en este momento,prender,detenida
apagado,detenida,Arranca Ya,prender,detenida
prendida,detenida,continua derecho tranqui,adelante,lenta
adelante,rapido,Derecha Ya,adelante + derecha,rapido
adelante,normal,normal ya,adelante,normal
prendida,lenta,para enfrente,adelante,null
derecha,detenida,mete velocidad,derecha,rapido
prendida,rapido,Silla Adelante,adelante,null
adelante + derecha,lenta,voltea a la izquierda,adelante,lenta
adelante,normal,a la derecha,adelante + derecha,normal
prendida,detenida,continua para adelante con mas velocidad,adelante,rapido
adelante,detenida,reduce la velocidad en este momento,adelante,lenta
prendida,detenida,llegale al frente...,adelante,normal
prendida,normal,rapido,null,rapido
prendida,detenida,dale adelante,adelante,null
prendida,rapido,MAS RAPIDO EN ESTE MOMENTO?,null,rapido
adelante,detenida,desacelera en este momento,adelante,lenta
adelante,lenta,voltea a la derecha,adelante + derecha,lenta
adelante + derecha,lenta,Pa Enfrente...,adelante,lenta
prendida,detenida,tuerce al lado derecho mas rapido,derecha,rapido
apagado,detenida,inicia en friega,prender,detenida
adelante,rapido,gira a la izquierda,adelante + izquierda,rapido
apagado,detenida,PRENDE AHORITA...,prender,detenida
adelante + izquierda,rapido,derecha ya,adelante,rapido
prendida,detenida,desconectate en corto,apagar,detenida
adelante + izquierda,rapido,gira a la derecha...,adelante,rapido
adelante + derecha,lenta,a la izquierda,adelante,lenta
prendida,detenida,echale para enfrente,adelante,null
adelante + derecha,rapido,gira a la izquierda,adelante,rapido
prendida,detenida,continua para adelante normal,adelante,normal
prendida,detenida,gira al lado derecho mas rapido,derecha,rapido
prendida,rapido,mete mas velocidad en friega,null,rapido
adelante + izquierda,rapido,silla derecha,adelante,rapido
adelante,rapido,METE MAS VELOCIDAD,adelante,rapido
prendida,detenida,apaga en este momento,apagar,detenida
prendida,detenida,hacia la derecha mete velocidad,derecha,rapido
prendida,rapido,muevete adelante,adelante,null
prendida,normal,con calma ahorita,null,lenta
prendida,normal,echale para enfrente.,adelante,null
adelante,rapido,NO TAN RAPIDO EN CORTO,adelante,lenta
prendida,detenida,avanza velocidad normal,adelante,normal
adelante,rapido,derecha,adelante + derecha,rapido
adelante,lenta,reduce la velocidad en corto,adelante,lenta
adelante,rapido,a la derecha,adelante + derecha,rapido
apagado,detenida,Arranca En Corto,prender,detenida
prendida,rapido,velocidad normal,null,normal
apagado,detenida,SILLA PRENDE,prender,detenida
prendida,detenida,CAMINA HACIA ENFRENTE DESPACIO,adelante,lenta
prendida,detenida,avanza,adelante,null
adelante,normal,mete mas velocidad de una,adelante,rapido
adelante + derecha,lenta,izquierda,adelante,lenta
apagado,detenida,enciende en este momento?,prender,detenida
prendida,lenta,ECHALE PARA ENFRENTE,adelante,null
adelante,lenta,bajale la velocidad de una,adelante,lenta
adelante,normal,gira a la derecha,adelante + derecha,normal
adelante,lenta,normal ahorita,adelante,normal
adelante + derecha,lenta,muevete adelante,adelante,lenta
adelante,rapido,modo NormaL,adelante,normal
derecha,rapido,normal,derecha,normal
prendida,detenida,derecha lento,derecha,lenta
prendida,detenida,a la derecha,derecha,null
adelante,normal,manten velocidad normal en friega,adelante,normal
adelante,normal,noRmaL ya!!,adelante,normal
adelante + izquierda,normal,voltea a la derecha,adelante,normal
izquierda,normal,con calma en friega,izquierda,lenta
adelante,rapido,derecha ya,adelante + derecha,rapido
prendida,detenida,derecha,derecha,null
prendida,detenida,APAGA EN FRIEGA,apagar,detenida
derecha,normal,a velocidad normal de una,derecha,normal
prendida,detenida,sigue derecho mas rapido,adelante,rapido
adelante,rapido,Voltea A La Izquierda,adelante + izquierda,rapido
prendida,lenta,mete mas velocidad de una!!,null,rapido
izquierda,lenta,maNTen veloCIdaD Normal ya,izquierda,normal
prendida,detenida,normal en friega,null,normal
adelante,normal,gira a la izquierda,adelante + izquierda,normal
apagado,detenida,arranca,prender,detenida
adelante + izquierda,normal,a la derecha,adelante,normal
prendida,detenida,derecho tranqui?,adelante,lenta
prendida,normal,echale para enfrente,adelante,null
adelante,rapido,izquierda ya,adelante + izquierda,rapido
adelante,detenida,con calma ahora!,adelante,lenta
prendida,lenta,para enfrente,adelante,null
prendida,detenida,Muevete Al Frente Despacio,adelante,lenta
adelante + derecha,lenta,para enfrente,adelante,lenta
adelante,rapido,derecha ya,adelante + derecha,rapido
adelante + derecha,normal,silla adelante,adelante,normal
adelante,normal,izquierda ya,adelante + izquierda,normal
adelante,normal,Gira A La Derecha,adelante + derecha,normal
prendida,detenida,rueda para enfrente,adelante,normal
prendida,detenida,a la derecha,derecha,null
prendida,detenida,tUerce al lado izQuierdo cOn cUidado,izquierda,lenta
prendida,detenida,izquierda,izquierda,null
apagado,detenida,prende en este momento,prender,detenida
apagado,detenida,enciendete de una,prender,detenida
adelante,normal,mas rapido ahorita!,adelante,rapido
prendida,detenida,apaga ahora,apagar,detenida
adelante,rapido,derecha ya,adelante + derecha,rapido
prendida,normal,vamos adelante,adelante,null
adelante,detenida,derecha,adelante + derecha,detenida
prendida,detenida,modo normal ya,null,normal
prendida,lenta,adelante,adelante,null
adelante + izquierda,normal,derecha,adelante,normal
prendida,detenida,al frente mas rapido!,adelante,rapido
prendida,detenida,llegale hacia adelante lento,adelante,lenta
adelante,rapido,SILLA DERECHA,adelante + derecha,rapido
prendida,rapido,no tan rapido en friega,null,lenta
prendida,normal,a velocidad normal de una,null,normal
prendida,normal,pa enfrente,adelante,null
adelante + derecha,lenta,pa enfrente,adelante,lenta
adelante + izquierda,rapido,silla derecha,adelante,rapido
prendida,detenida,con mas velocidad en este momento,null,rapido
adelante + derecha,detenida,silla izquierda,adelante,detenida
apagado,detenida,prende de inmediato,prender,detenida
prendida,detenida,apaga en friega,apagar,detenida
prendida,detenida,para enfrente,adelante,null
adelante + izquierda,lenta,voltea a la derecha,adelante,lenta
prendida,detenida,izquierda ya??,izquierda,null
prendida,detenida,DOBLA A LA DERECHA A VELOCIDAD NORMAL,derecha,normal
apagado,detenida,inicia de inmediato,prender,detenida
adelante + izquierda,detenida,derecha,adelante,detenida
prendida,detenida,avanza,adelante,null
prendida,detenida,silla derecha?,derecha,null
derecha,normal,acelera de inmediato,derecha,rapido
prendida,detenida,vamos adelante,adelante,null
adelante,detenida,izquierda,adelante + izquierda,detenida
prendida,detenida,apaga ya,apagar,detenida
prendida,lenta,ve despacio ahorita?,null,lenta
adelante + izquierda,normal,derecha.,adelante,normal
prendida,normal,desacelera ahorita!!,null,lenta
prendida,detenida,gira al lado izquierdo apurate,izquierda,rapido
prendida,rapido,NO tan rAPIdO de uNa,null,lenta
prendida,lenta,PA ENFRENTE,adelante,null
adelante,normal,voltea a la izquierda,adelante + izquierda,normal
apagado,detenida,PRENDETE AHORA!,prender,detenida
prendida,detenida,DespACito??,null,lenta
adelante + izquierda,rapido,Gira A La Derecha,adelante,rapido
adelante,rapido,gira a la derecha,adelante + derecha,rapido
adelante + derecha,lenta,a la izquierda!!,adelante,lenta
adelante,lenta,Subele La Velocidad Ya.,adelante,rapido
prendida,detenida,voltea a la derecha,derecha,null
adelante + derecha,lenta,para enfrente,adelante,lenta
apagado,detenida,enciendete,prender,detenida
prendida,detenida,apaga la silla,apagar,detenida
derecha,lenta,mas lento en este momento?,derecha,lenta
adelante,normal,baJALe La vElociDad dE inmEdiato,adelante,lenta
prendida,detenida,echale derecho,adelante,normal
prendida,detenida,para enfreNte,adelante,null
apagado,detenida,activate de una,prender,detenida
prendida,detenida,desconectate de inmediato,apagar,detenida
adelante,lenta,voltea a la derecha,adelante + derecha,lenta
adelante,rapido,a la derecha,adelante + derecha,rapido
prendida,detenida,apaga de una,apagar,detenida
apagado,detenida,prender,prender,detenida
prendida,detenida,DESACTIVATE AHORA,apagar,detenida
adelante + izquierda,rapido,derecha,adelante,rapido
prendida,detenida,llegale para enfrente rapido,adelante,rapido
adelante + derecha,rapido,izquierda ya?,adelante,rapido
prendida,rapido,DiSminUyE La velocidaD,null,normal
prendida,detenida,sigue de frente con calma,adelante,lenta
adelante,rapido,A LA DERECHA,adelante + derecha,rapido
adelante,normal,acelera de una,adelante,rapido
apagado,detenida,inicia en friega,prender,detenida
apagado,detenida,pREnde en este mOmento,prender,detenida
prendida,detenida,BAJA LA VELOCIDAD,null,lenta
prendida,detenida,MUEVETE HACIA ADELANTE DESPACIO,adelante,lenta
adelante,rapido,siLla iZqUIerDA?,adelante + izquierda,rapido
prendida,detenida,llegale al frEnte mas raPIDo,adelante,rapido
prendida,detenida,A LA DERECHA,derecha,null
adelante + derecha,lenta,avanza,adelante,lenta
adelante,rapido,GIRA A LA DERECHA?,adelante + derecha,rapido
adelante + izquierda,rapido,avanza,adelante,rapido
adelante,normal,deRecHa,adelante + derecha,normal
prendida,detenida,vamos adelante,adelante,null
adelante + izquierda,lenta,vamos adelante,adelante,lenta
apagado,detenida,prende ahora,prender,detenida
prendida,normal,subele la velocidad ahorita,null,rapido
adelante + derecha,normal,izquierda,adelante,normal
prendida,detenida,arrancate para enfrente,adelante,normal
adelante,lenta,DESACELERA DE INMEDIATO!,adelante,lenta
prendida,normal,modo normal ahorita,null,normal
prendida,detenida,dale adelante lento,adelante,lenta
prendida,detenida,ve al frente lento?,adelante,lenta
prendida,rapido,Mas rapIdo en estE mOmentO,null,rapido
prendida,normal,con mas velocidad en corto,null,rapido
adelante,normal,Mas Lento En Este Momento...,adelante,lenta
adelante,normal,izquierda,adelante + izquierda,normal
derecha,lenta,aumenta la velocidad en este momento...,derecha,rapido
adelante + derecha,normal,gira a la izquierda,adelante,normal
adelante,lenta,DeRecha,adelante + derecha,lenta
adelante,detenida,a velocidad normal en este momento,adelante,normal
apagado,detenida,inicia en friega,prender,detenida
izquierda,rapido,mete mas velocidad en este momento,izquierda,rapido
prendida,detenida,hacia la izquierda rapido,izquierda,rapido
adelante + derecha,lenta,a la izquierda,adelante,lenta
adelante,normal,GIRA A LA DERECHA,adelante + derecha,normal
prendida,detenida,Muevete Adelante,adelante,null
adelante + izquierda,lenta,derecha,adelante,lenta
prendida,detenida,vamos adelante?,adelante,null
prendida,normal,pa enfrente...,adelante,null
adelante + derecha,normal,VOLTEA A LA IZQUIERDA,adelante,normal
prendida,detenida,izquierda,izquierda,null
adelante + derecha,rapido,a la izquierda,adelante,rapido
izquierda,detenida,apurate??,izquierda,rapido
prendida,detenida,PaRa ENfrEntE modo normal,adelante,normal
prendida,lenta,lenta,null,lenta
prendida,detenida,muevete adelante,adelante,null
apagado,detenida,arranca ahorita,prender,detenida
adelante,lenta,girA A la izquIeRDa,adelante + izquierda,lenta
adelante,detenida,mete mas velocidad en este momento,adelante,rapido
adelante,rapido,reduce la velocidad??,adelante,lenta
prendida,detenida,baja a normal,null,normal
adelante,rapido,con calma de inmediato??,adelante,lenta
prendida,detenida,llegale para enfrente con calma,adelante,lenta
adelante,rapido,a la izquierda.,adelante + izquierda,rapido
prendida,rapido,modo normal ahora,null,normal
prendida,detenida,Ve Hacia Adelante Con Calma,adelante,lenta
prendida,lenta,avanza?,adelante,null
prendida,detenida,rueda derecho,adelante,normal
adelante,rapido,Derecha Ya,adelante + derecha,rapido
adelante + izquierda,normal,pA enFrenTe??,adelante,normal
prendida,detenida,muevete adelante!!,adelante,null
prendida,detenida,dale adelante normal,adelante,normal
prendida,rapido,aumenta la velocidad en este momento,null,rapido
adelante,detenida,con calma en friega,adelante,lenta
adelante,rapido,a velOcidad normal de uNa,adelante,normal
adelante,normal,velocidad normal,adelante,normal
prendida,rapido,ReDuce La velocidAD En friegA,null,lenta
adelante,rapido,DERECHA YA,adelante + derecha,rapido
adelante,lenta,voltea a la izquierda,adelante + izquierda,lenta
adelante,rapido,izquierda.,adelante + izquierda,rapido
prendida,rapido,Subele La Velocidad En Friega,null,rapido
prendida,normal,mete mas velocidad ahora,null,rapido
prendida,detenida,CONTINUA AL FRENTE CON MAS VELOCIDAD,adelante,rapido
prendida,detenida,avaNza,adelante,null
adelante + derecha,lenta,a la izquierda,adelante,lenta
prendida,detenida,izqUierda,izquierda,null
izquierda,lenta,mas rapido de una?,izquierda,rapido
prendida,detenida,Derecha,derecha,null
prendida,detenida,apaga,apagar,detenida
adelante + derecha,rapido,echale para enfrente,adelante,rapido
adelante + izquierda,lenta,derecha,adelante,lenta
adelante + izquierda,rapido,ECHALE PARA ENFRENTE,adelante,rapido
adelante,normal,voltea a la izquierda,adelante + izquierda,normal
prendida,detenida,apaga en este momento,apagar,detenida
adelante,normal,derecha ya,adelante + derecha,normal
adelante + derecha,lenta,vamos adelante,adelante,lenta
adelante,lenta,izquierda ya??,adelante + izquierda,lenta
prendida,detenida,derecho lento...,adelante,lenta
adelante,rapido,izquierda ya,adelante + izquierda,rapido
adelante,normal,gira a la derecha,adelante + derecha,normal
apagado,detenida,enciendete de una,prender,detenida
adelante + derecha,lenta,Muevete Adelante!!,adelante,lenta
apagado,detenida,prender,prender,detenida
prendida,detenida,a la derecha,derecha,null
adelante + derecha,rapido,pa enfrente,adelante,rapido
adelante,detenida,izquierda!!,adelante + izquierda,detenida
prendida,detenida,ve Al frenTe Lento,adelante,lenta
prendida,rapido,manten velocidad normal ahora,null,normal
prendida,detenida,VE AL LADO DERECHO,derecha,normal
prendida,detenida,avanza,adelante,null
adelante,lenta,gira a la izquierda.,adelante + izquierda,lenta
prendida,detenida,desconectate en corto,apagar,detenida
prendida,rapido,Modo Normal Ahora,null,normal
adelante + derecha,normal,Voltea A La Izquierda,adelante,normal
prendida,normal,dale adelante,adelante,null
prendida,detenida,da vuelta hacia la derecha con mas velocidad,derecha,rapido
prendida,detenida,echale al frente tranqui??,adelante,lenta
prendida,lenta,normal en friega,null,normal
prendida,detenida,derecha,derecha,null
adelante,normal,izquierda ya,adelante + izquierda,normal
adelante,normal,izquierda,adelante + izquierda,normal
prendida,detenida,cierra en friega,apagar,detenida
adelante,lenta,gira a la derecha,adelante + derecha,lenta
adelante,lenta,derecha,adelante + derecha,lenta
prendida,normal,adelante,adelante,null
prendida,detenida,desactivAte Ahora,apagar,detenida
prendida,detenida,ve a la izquierda mas rapido,izquierda,rapido
prendida,detenida,Bajale La Velocidad De Una,null,lenta
prendida,detenida,Adelantate A Velocidad Normal,adelante,normal
adelante + derecha,normal,pa enfrente,adelante,normal
prendida,detenida,rueda para adelante con calma,adelante,lenta
prendida,normal,MUEVETE ADELANTE,adelante,null
adelante,normal,modo normal,adelante,normal
prendida,normal,bajale la velocidad ya,null,lenta
prendida,detenida,muevete adelante,adelante,null
prendida,detenida,continua para adelante,adelante,normal
apagado,detenida,PreNder,prender,detenida
adelante,detenida,a la izquierda,adelante + izquierda,detenida
prendida,detenida,apagate de una,apagar,detenida
prendida,detenida,avanza con cuidado,adelante,lenta
adelante,rapido,derecha ya,adelante + derecha,rapido
prendida,detenida,a velocidad normal ya,null,normal
adelante,normal,izquierda ya,adelante + izquierda,normal
adelante + derecha,rapido,para enfrente??,adelante,rapido
prendida,detenida,apagate,apagar,detenida
adelante,normal,mas Lento,adelante,lenta
adelante + izquierda,rapido,vamoS adELante?,adelante,rapido
prendida,detenida,para enfrente mas rapido,adelante,rapido
prendida,detenida,izquierda...,izquierda,null
prendida,detenida,sigue derecho lento!,adelante,lenta
prendida,detenida,ECHALE AL FRENTE MAS RAPIDO,adelante,rapido
adelante,normal,izquierda ya,adelante + izquierda,normal
prendida,detenida,para enfrente lento,adelante,lenta
adelante,normal,giRa A la izqUIERda,adelante + izquierda,normal
prendida,detenida,dale derecho mete velocidad,adelante,rapido
prendida,detenida,adelantate despacito,adelante,lenta
adelante,normal,Normal En FriEga,adelante,normal
prendida,detenida,DESCONECTATE EN CORTO,apagar,detenida
prendida,normal,adelante!,adelante,null
adelante + izquierda,rapido,derecha ya,adelante,rapido
derecha,rapido,ve despacio en este momento,derecha,lenta
adelante,normal,Subele La Velocidad Ahorita,adelante,rapido
adelante,normal,A LA IZQUIERDA,adelante + izquierda,normal
prendida,rapido,Para Enfrente,adelante,null
apagado,detenida,enciendete de una,prender,detenida
prendida,normal,con calma de una,null,lenta
prendida,detenida,GIRA A LA IZQUIERDA LENTA,izquierda,lenta
adelante,lenta,a la derecha,adelante + derecha,lenta
adelante + derecha,lenta,volTea a lA izquieRda,adelante,lenta
apagado,detenida,prende la silla,prender,detenida
prendida,detenida,gira a la IZquierda,izquierda,null
prendida,rapido,a velocidad normal,null,normal
adelante,rapido,con calma!,adelante,lenta
prendida,rapido,disminuye la velocidad,null,normal
adelante + izquierda,normal,muevete adelante,adelante,normal
prendida,detenida,rUeda dE Frente Apurate,adelante,rapido
adelante + izquierda,normal,silla adelante,adelante,normal
adelante,normal,a la izquierda,adelante + izquierda,normal
apagado,detenida,activate de una,prender,detenida
prendida,detenida,a la derecha con calma,derecha,lenta
apagado,detenida,enciendete,prender,detenida
adelante,lenta,voltea a la izquierda,adelante + izquierda,lenta
adelante,detenida,mete mas velocidad ahora,adelante,rapido
prendida,rapido,vamos adelante,adelante,null
adelante,normal,mas rapido,adelante,rapido
izquierda,detenida,reduce la velocidad ya,izquierda,lenta
apagado,detenida,enciende ya!!,prender,detenida
prendida,detenida,al frente con cuidado,adelante,lenta
adelante + derecha,lenta,muevete adelante,adelante,lenta
prendida,detenida,silla adelante,adelante,null
adelante,rapido,velocidad normal en friega...,adelante,normal
adelante + izquierda,rapido,vamos adelante!,adelante,rapido
adelante + izquierda,normal,Gira A La Derecha,adelante,normal
adelante,normal,aumeNta La velocidad en Friega,adelante,rapido
prendida,detenida,voltea a la derecha normal??,derecha,normal
apagado,detenida,prendete ahora,prender,detenida
adelante + izquierda,rapido,silla derecha,adelante,rapido
prendida,detenida,silla izquierda,izquierda,null
prendida,detenida,con mas vElocidad eN esTe momento,null,rapido
adelante,rapido,subele LA veLoCidad En corto,adelante,rapido
prendida,detenida,pa enfrente,adelante,null
prendida,detenida,haCiA LA izquieRdA rapiDo,izquierda,rapido
adelante + izquierda,lenta,Para Enfrente,adelante,lenta
adelante + izquierda,lenta,derecha ya,adelante,lenta
izquierda,rapido,MAS RAPIDO EN ESTE MOMENTO!,izquierda,rapido
prendida,lenta,mete mas velocidad de inmediato.,null,rapido
prendida,detenida,apagate ya,apagar,detenida
adelante + izquierda,normal,a La deReCHa.,adelante,normal
adelante,detenida,bajale la velocidad ya,adelante,lenta
adelante,rapido,Manten Velocidad Normal Ya,adelante,normal
prendida,lenta,echale para enfrente,adelante,null
prendida,detenida,gira para la izquierda mete velocidad,izquierda,rapido
prendida,detenida,sigue derecho despacito,adelante,lenta
apagado,detenida,enciende en este momento,prender,detenida
prendida,detenida,para enfrente,adelante,null
prendida,lenta,desacelera de inmediato,null,lenta
adelante + izquierda,normal,voltea a la derecha,adelante,normal
adelante + izquierda,normal,silla derecha,adelante,normal
prendida,normal,para enfrente,adelante,null
prendida,detenida,Gira Hacia La Izquierda Mete Velocidad??,izquierda,rapido
prendida,detenida,manten velocidad normal ahora,null,normal
prendida,detenida,derecha,derecha,null
adelante + derecha,normal,para enfrente,adelante,normal
adelante,lenta,gira a la derecha!!,adelante + derecha,lenta
prendida,detenida,cierra en corto,apagar,detenida
prendida,detenida,vamos adelante,adelante,null
prendida,detenida,tuerCe para la derecha A veloCidad NoRMal,derecha,normal
prendida,lenta,avanza!!,adelante,null
prendida,detenida,aPaga de una,apagar,detenida
prendida,rapido,subele la velocidad en corto!,null,rapido
adelante,rapido,velocidad normal en friega,adelante,normal
apagado,detenida,Prende Ahora,prender,detenida
adelante + izquierda,rapido,avanza,adelante,rapido
adelante + derecha,normal,vamos adelante,adelante,normal
prendida,detenida,Voltea A La Derecha,derecha,null
apagado,detenida,activate en este momento,prender,detenida
adelante,rapido,velocidad normal,adelante,normal
apagado,detenida,enciende ya,prender,detenida
prendida,detenida,a la derecha lenta,derecha,lenta
adelante + derecha,rapido,IZQUIERDA YA,adelante,rapido
derecha,normal,bajale la velocidad de inmediato,derecha,lenta
adelante,rapido,a la izquierda,adelante + izquierda,rapido
prendida,detenida,rueda al frente,adelante,normal
prendida,detenida,continua al frente mete velocidad!!,adelante,rapido
adelante + izquierda,lenta,DALE ADELANTE.,adelante,lenta
adelante,normal,silla izquierda,adelante + izquierda,normal
prendida,detenida,ruEdA PaRa AdElante cOn cuidAdo,adelante,lenta
adelante,lenta,IZQUIERDA YA,adelante + izquierda,lenta
prendida,detenida,silla adelante,adelante,null
apagado,detenida,prende ahora,prender,detenida
derecha,detenida,bajale la velocidad ahorita,derecha,lenta
adelante,rapido,Derecha,adelante + derecha,rapido
derecha,detenida,modo normal ya,derecha,normal
adelante,normal,a LA derecHa,adelante + derecha,normal
prendida,detenida,hacia adelaNte rApidO,adelante,rapido
prendida,detenida,izquierda,izquierda,null
adelante,normal,normal ya,adelante,normal
adelante,detenida,DesaceLera de uNA,adelante,lenta
prendida,detenida,acelera,null,rapido
adelante + izquierda,normal,dale adelante??,adelante,normal
prendida,detenida,para enfrente rapido,adelante,rapido
prendida,detenida,vamos adelante,adelante,null
adelante,rapido,silla derecha,adelante + derecha,rapido
prendida,lenta,SILLA ADELANTE?,adelante,null
adelante,detenida,a velocidad normal ya.,adelante,normal
prendida,detenida,APAGA EN CORTO!,apagar,detenida
prendida,detenida,gira a la izquierda,izquierda,null
adelante,lenta,voltea a la izquierda,adelante + izquierda,lenta
prendida,detenida,hacia la derecha despacito,derecha,lenta
prendida,detenida,apagate de una,apagar,detenida
adelante,detenida,voLtea a la dEReCha,adelante + derecha,detenida
prendida,detenida,para enfrente?,adelante,null
prendida,normal,para enfrente,adelante,null
adelante,rapido,aumenta la velocidad de una,adelante,rapido
adelante,lenta,voltea a la derecha,adelante + derecha,lenta
apagado,detenida,silla prende.,prender,detenida
prendida,lenta,para enfrente,adelante,null
adelante + izquierda,normal,para enfrente,adelante,normal
adelante + derecha,rapido,ECHALE PARA ENFRENTE,adelante,rapido
prendida,detenida,dale adelante,adelante,null
adelante,rapido,ACELERA DE INMEDIATO,adelante,rapido
prendida,detenida,VAMOS ADELANTE DESPACIO...,adelante,lenta
prendida,rapido,reduce la velocidad ya,null,lenta
prendida,normal,avanza!,adelante,null
adelante,lenta,a velocidad normal ahorita,adelante,normal
prendida,normal,para enfrente,adelante,null
prendida,detenida,baja la velocidad,null,lenta
adelante,rapido,izquierda ya,adelante + izquierda,rapido
apagado,detenida,prendete de una,prender,detenida
prendida,detenida,cierra ahora,apagar,detenida
prendida,detenida,pa enfrente lento,adelante,lenta
prendida,detenida,gira a la derecha??,derecha,null
prendida,detenida,para enfrente apurate,adelante,rapido
prendida,detenida,adelantate rapido,adelante,rapido
prendida,detenida,modo normal ahorita,null,normal
adelante + izquierda,normal,vamos adelante??,adelante,normal
adelante,detenida,disminuye la velocidad,adelante,normal
prendida,detenida,Avanza,adelante,null
adelante + derecha,rapido,izquierda,adelante,rapido
adelante,detenida,velocidad normal,adelante,normal
prendida,normal,dale adelante,adelante,null
prendida,detenida,a la izquierda,izquierda,normal
prendida,detenida,rueda hacia adelante tranqui,adelante,lenta
adelante + derecha,detenida,muevete adelante,adelante,detenida
adelante,normal,derecha ya,adelante + derecha,normal
adelante,detenida,Mas Despacio,adelante,lenta
adelante,rapido,gira a la izquierda,adelante + izquierda,rapido
prendida,detenida,gira pa' la derecha,derecha,normal
apagado,detenida,prendete ahora??,prender,detenida
prendida,normal,SILLA ADELANTE,adelante,null
prendida,detenida,normal,null,normal
prendida,detenida,al lado izquierdo despacio,izquierda,lenta
izquierda,normal,aumenta la velocidad en este momento,izquierda,rapido
prendida,detenida,vamos adelante.,adelante,null
prendida,detenida,Con Calma En Friega,null,lenta
derecha,lenta,aumenta la velocidad en este momento,derecha,rapido
adelante + derecha,rapido,izquierda,adelante,rapido
prendida,rapido,aumenta la velocidad en friega,null,rapido
apagado,detenida,ENCIENDE,prender,detenida
prendida,detenida,muevete adelante,adelante,null
apagado,detenida,enciende en este momento,prender,detenida
apagado,detenida,prende de una,prender,detenida
adelante + izquierda,normal,avanza.,adelante,normal
adelante,rapido,silla izquierda,adelante + izquierda,rapido
apagado,detenida,arranca en corto,prender,detenida
adelante,lenta,no tan rapiDO en cOrto,adelante,lenta
prendida,detenida,para enfrente despacito!!,adelante,lenta
adelante + izquierda,lenta,A La Derecha?,adelante,lenta
prendida,detenida,muevete a la derecha normal,derecha,normal
adelante,rapido,voltea a la izquierda,adelante + izquierda,rapido
prendida,lenta,sube la velocidad,null,rapido
adelante,detenida,AceLERa,adelante,rapido
prendida,detenida,hiberna,apagar,detenida
prendida,detenida,apaga,apagar,detenida
adelante,normal,izquierda,adelante + izquierda,normal
adelante + derecha,rapido,izquierda ya,adelante,rapido
prendida,detenida,para enfrente tranqui,adelante,lenta
adelante + izquierda,detenida,avanza,adelante,detenida
prendida,detenida,derecha despacio,derecha,lenta
prendida,detenida,A LA IZQUIERDA,izquierda,null
adelante,rapido,A LA DERECHA,adelante + derecha,rapido
prendida,lenta,echale para enfrente,adelante,null
prendida,detenida,subele la velocidad ya,null,rapido
prendida,detenida,para enfrente acelera...,adelante,rapido
prendida,detenida,echale para enfrente a velocidad normal...,adelante,normal
apagado,detenida,prender,prender,detenida
prendida,detenida,desconectate de inmediato,apagar,detenida
prendida,detenida,ECHALE PARA ENFRENTE...,adelante,null
prendida,normal,Desacelera En Este Momento,null,lenta
adelante,normal,a la derecha,adelante + derecha,normal
prendida,detenida,continua para enfrente mas rapido,adelante,rapido
adelante,normal,Bajale La Velocidad De Una,adelante,lenta
prendida,detenida,avanza,adelante,null
adelante,normal,CON MAS VELOCIDAD EN ESTE MOMENTO,adelante,rapido
prendida,detenida,derecha,derecha,null
adelante,rapido,izquierda ya,adelante + izquierda,rapido
adelante,lenta,gira a lA izquieRda!!,adelante + izquierda,lenta
prendida,detenida,apagate ahora?,apagar,detenida
prendida,detenida,Apagate Ya,apagar,detenida
adelante,lenta,con calma en friega,adelante,lenta
prendida,detenida,izquierda lenta,izquierda,lenta
prendida,rapido,SUBELE LA VELOCIDAD EN CORTO,null,rapido
prendida,detenida,sigue derecho a velocidad normal,adelante,normal
adelante,normal,gira a la izquierda,adelante + izquierda,normal
adelante,normal,silla derecha,adelante + derecha,normal
adelante,lenta,mete mas velocidad de inmediato,adelante,rapido
adelante + izquierda,normal,silla derecha,adelante,normal
prendida,lenta,SILLA ADELANTE!,adelante,null
adelante + derecha,rapido,voltea a la izquierda??,adelante,rapido
prendida,detenida,Da Vuelta Hacia La Derecha Con Mas Velocidad,derecha,rapido
prendida,detenida,Rueda Para Enfrente Mas Rapido,adelante,rapido
prendida,detenida,a velOcidad normal ya,null,normal
adelante,rapido,Reduce La Velocidad Ya,adelante,lenta
adelante + derecha,lenta,sIlla ADelAnte,adelante,lenta
prendida,detenida,apaga en este momento,apagar,detenida
prendida,detenida,SILLA DERECHA,derecha,null
adelante + derecha,normal,gira a la izquierda,adelante,normal
prendida,detenida,Cierra Ahora,apagar,detenida
prendida,detenida,apagAte yA,apagar,detenida
adelante,rapido,derecha,adelante + derecha,rapido
prendida,detenida,vamos adelante,adelante,null
prendida,detenida,gira a la derecha con mas velocidad,derecha,rapido
prendida,detenida,voltea a la izquierda,izquierda,null
prendida,normal,Reduce La Velocidad En Friega,null,lenta
prendida,normal,Mete Turbo!,null,rapido
adelante,rapido,Rapido!,adelante,rapido
adelante + derecha,normal,a la izquierda,adelante,normal
prendida,normal,Vamos Adelante??,adelante,null
prendida,detenida,silla adelante,adelante,null
prendida,rapido,aumenta la velocidad en corto,null,rapido
adelante,normal,A LA DERECHA,adelante + derecha,normal
prendida,detenida,Gira Al Lado Derecho Con Calma,derecha,lenta
adelante + izquierda,normal,voltea a la derecha,adelante,normal
adelante + derecha,normal,Silla Adelante,adelante,normal
prendida,detenida,velocIdad noRmaL eN friegA,null,normal
adelante,lenta,a la izquierda?,adelante + izquierda,lenta
derecha,detenida,con Calma ahOriTa,derecha,lenta
adelante + izquierda,detenida,Derecha,adelante,detenida
prendida,detenida,voltea a la izquierda,izquierda,null
apagado,detenida,prendete de una!!,prender,detenida
prendida,detenida,RUEDA DE FRENTE APURATE,adelante,rapido
adelante,rapido,derecha ya,adelante + derecha,rapido
adelante,detenida,baja a normal,adelante,normal
adelante,normal,a velocidad normal de una,adelante,normal
adelante,lenta,derecha,adelante + derecha,lenta
prendida,rapido,mete turbo,null,rapido
prendida,detenida,tuerce para la izquierda lento,izquierda,lenta
adelante + izquierda,normal,a la derecha,adelante,normal
apagado,detenida,inicia en friega,prender,detenida
adelante + derecha,lenta,a la izquierda,adelante,lenta
prendida,detenida,DOBLA PA' LA IZQUIERDA DESPACIO,izquierda,lenta
adelante + izquierda,rapido,derecha,adelante,rapido
prendida,detenida,da vuelta pa' la izquierda normal,izquierda,normal
adelante + derecha,normal,VAMOS ADELANTE,adelante,normal
adelante,normal,izquierda ya,adelante + izquierda,normal
adelante + izquierda,normal,derecha,adelante,normal
adelante,normal,voltea a la izquierda,adelante + izquierda,normal
prendida,rapido,A Velocidad Normal De Una,null,normal
adelante + derecha,detenida,Avanza,adelante,detenida
prendida,detenida,gira al lado derecho con calma,derecha,lenta
prendida,rapido,mas rapido de una,null,rapido
prendida,detenida,da vuelta para la derecha suavecito?,derecha,lenta
adelante,lenta,derecha,adelante + derecha,lenta
adelante,lenta,A LA DERECHA,adelante + derecha,lenta
prendida,detenida,arrancate derecho suavecito,adelante,lenta
adelante,normal,gira a la derecha,adelante + derecha,normal
prendida,detenida,rueda derecho.,adelante,normal
prendida,detenida,mete mas velocidad en este momento,null,rapido
adelante + derecha,lenta,izquierda,adelante,lenta
prendida,detenida,sigue derecho normal,adelante,normal
adelante,normal,subele la velocidad,adelante,rapido
adelante,detenida,izquierda ya,adelante + izquierda,detenida
derecha,normal,reduce velocidad,derecha,lenta
adelante,rapido,gira a la izquierda,adelante + izquierda,rapido
prendida,rapido,muevete adelante,adelante,null
adelante,rapido,a la derecha,adelante + derecha,rapido
adelante + derecha,lenta,a la izquierda,adelante,lenta
prendida,detenida,sigue derecho con calma,adelante,lenta
prendida,detenida,continua para adelante normal,adelante,normal
adelante + izquierda,lenta,derecHa Ya,adelante,lenta
prendida,detenida,modo normal ya,null,normal
prendida,detenida,al lado izquierdo con mas velocidad!!,izquierda,rapido
apagado,detenida,PRENDETE DE UNA,prender,detenida
adelante,normal,con mas velocidad,adelante,rapido
prendida,detenida,da vuelta pa' la derecha lento??,derecha,lenta
prendida,lenta,para enfrente,adelante,null
derecha,normal,subele la velocidad en este momento...,derecha,rapido
adelante + izquierda,lenta,silla derecha,adelante,lenta
adelante,rapido,aumenta la velocidad de inmediato.,adelante,rapido
prendida,detenida,Derecho Despacito,adelante,lenta
adelante,lenta,mete mas velocidad,adelante,rapido
prendida,rapido,muevete adelante,adelante,null
adelante + derecha,normal,izquierda ya,adelante,normal
adelante + izquierda,lenta,voltea a la derecha,adelante,lenta
adelante + izquierda,detenida,a la derecha,adelante,detenida
adelante,lenta,voltea a la izquierda,adelante + izquierda,lenta
prendida,detenida,APaga.,apagar,detenida
apagado,detenida,enciendete de una,prender,detenida
prendida,normal,Dale Adelante,adelante,null
prendida,detenida,apurate.,null,rapido
derecha,rapido,con calma de inmediato,derecha,lenta
adelante + derecha,normal,silla izquierda,adelante,normal
prendida,detenida,silla adelante,adelante,null
prendida,detenida,derecha ya??,derecha,null
adelante,lenta,derecha,adelante + derecha,lenta
prendida,detenida,apaga ahora,apagar,detenida
prendida,detenida,dobla para la izquierda mas rapido,izquierda,rapido
derecha,normal,a velociDad normal de una,derecha,normal
prendida,detenida,ve derecho mas rapido?,adelante,rapido
prendida,detenida,apurate,null,rapido
adelante,lenta,a la derecha,adelante + derecha,lenta
prendida,detenida,muevete para enfrente mas rapido,adelante,rapido
adelante,lenta,Derecha,adelante + derecha,lenta
prendida,detenida,ARRANCATE DE FRENTE,adelante,normal
prendida,normal,muevete adelante,adelante,null
adelante + derecha,lenta,voltea a la izquierda,adelante,lenta
adelante,detenida,disminuye la velocidad,adelante,normal
adelante,rapido,silla Derecha,adelante + derecha,rapido
adelante + derecha,lenta,izquierda ya,adelante,lenta
adelante,detenida,velocidad normal en este momento,adelante,normal
prendida,detenida,derEcho mas rapido,adelante,rapido
prendida,detenida,dale adelante normal,adelante,normal
apagado,detenida,aRRancA,prender,detenida
prendida,detenida,A LA IZQUIERDA,izquierda,null
prendida,detenida,dobla pa' la izquierda con mas velocidad,izquierda,rapido
adelante + izquierda,lenta,para enfrente,adelante,lenta
prendida,detenida,pa enfrente rapido,adelante,rapido
apagado,detenida,Enciende Ya,prender,detenida
prendida,detenida,Silla Apagate,apagar,detenida
adelante,lenta,izquierda ya,adelante + izquierda,lenta
prendida,detenida,silla derecha,derecha,null
prendida,detenida,muevete adelante,adelante,null
apagado,detenida,inicia en corto,prender,detenida
adelante,detenida,mete mas velocidad de inmediato,adelante,rapido
adelante,rapido,subele la velocidad en este momento.,adelante,rapido
prendida,detenida,voltea a la izquierda rapido,izquierda,rapido
prendida,lenta,vamos adelante.,adelante,null
prendida,detenida,desconectate de inmediato,apagar,detenida
prendida,detenida,Pa' La Izquierda Apurate,izquierda,rapido
adelante,normal,derecha ya,adelante + derecha,normal
prendida,detenida,rueda hacia adelante despacio!!,adelante,lenta
adelante + izquierda,lenta,derecha,adelante,lenta
prendida,detenida,derecha!,derecha,null
prendida,detenida,dobla a la derecha a velocidad normal,derecha,normal
adelante + izquierda,normal,gira a la derecha,adelante,normal
prendida,rapido,mete mas velocidad ya,null,rapido
prendida,detenida,Aumenta La Velocidad Ya,null,rapido
adelante,normal,NO TAN RAPIDO DE INMEDIATO,adelante,lenta
apagado,detenida,Arranca...,prender,detenida
adelante,detenida,Disminuye La Velocidad,adelante,normal
prendida,detenida,APAGATE AHORA,apagar,detenida
apagado,detenida,silla prende,prender,detenida
adelante,normal,izquierda,adelante + izquierda,normal
adelante,lenta,voltea a la derecha,adelante + derecha,lenta
adelante + derecha,lenta,silla adelante,adelante,lenta
prendida,lenta,bajale la velocidad ahorita,null,lenta
adelante,detenida,DErecha Ya,adelante + derecha,detenida
prendida,detenida,desconectate de inmediato,apagar,detenida
prendida,detenida,derecho con cuidado,adelante,lenta
prendida,detenida,continua hacia adelante mete velocidad,adelante,rapido
prendida,normal,bajale la velocidad ahorita,null,lenta
prendida,detenida,silla derecha!!,derecha,null
prendida,detenida,PARA ENFRENTE MAS RAPIDO,adelante,rapido
derecha,rapido,Modo Normal Ahorita?,derecha,normal
adelante,detenida,velocidad normal en este momento??,adelante,normal
prendida,detenida,rueda para enfrente apurate,adelante,rapido
prendida,detenida,muevete al lado izquierdo,izquierda,normal
prendida,detenida,ARRANCATE PARA ADELANTE SUAVECITO,adelante,lenta
prendida,detenida,desactivate en corto,apagar,detenida
adelante + derecha,lenta,a la izquierda,adelante,lenta
prendida,detenida,silla adelante,adelante,null
adelante,rapido,gira a la derecha,adelante + derecha,rapido
adelante + izquierda,rapido,derecha ya,adelante,rapido
prendida,detenida,VE AL LADO DERECHO CON MAS VELOCIDAD,derecha,rapido
adelante + izquierda,detenida,silla derecha,adelante,detenida
adelante,normal,gira a la izquierda,adelante + izquierda,normal
prendida,detenida,hacia La derecha noRmal,derecha,normal
prendida,detenida,gira a la derecha,derecha,null
adelante + izquierda,normal,adelante,adelante,normal
prendida,detenida,derecho mas rapido,adelante,rapido
prendida,detenida,Rueda Para Enfrente Apurate,adelante,rapido
adelante + izquierda,rapido,echale para enfrente,adelante,rapido
adelante,lenta,despacito?,adelante,lenta
prendida,detenida,echalE DErecho,adelante,normal
prendida,detenida,gira a la izquierda,izquierda,null
prendida,rapido,no tan rapido en este momento,null,lenta
adelante,normal,voltea a la derecha...,adelante + derecha,normal
apagado,detenida,inicia en friega,prender,detenida
izquierda,lenta,mas lento en friega,izquierda,lenta
prendida,detenida,silla derecha,derecha,null
prendida,detenida,voltea pa' la izquierda,izquierda,normal
adelante,rapido,silla izquierda,adelante + izquierda,rapido
adelante,detenida,con mas velocidad en este momento?,adelante,rapido
adelante,lenta,a la derecha...,adelante + derecha,lenta
prendida,detenida,derecho lento,adelante,lenta
prendida,detenida,gira a la derecha rapido,derecha,rapido
adelante + derecha,lenta,izquierda ya,adelante,lenta
prendida,detenida,dale derecho mete velocidad,adelante,rapido
adelante,rapido,silla izquierda,adelante + izquierda,rapido
prendida,detenida,derecha,derecha,null
adelante,detenida,AUMENTA LA VELOCIDAD YA,adelante,rapido
prendida,detenida,pa' la derecha con mas velocidad,derecha,rapido
adelante,normal,Derecha Ya?,adelante + derecha,normal
prendida,detenida,Apaga En Corto,apagar,detenida
adelante,rapido,A La Izquierda,adelante + izquierda,rapido
adelante,detenida,voltea a la derecha,adelante + derecha,detenida
adelante,rapido,voltea a la izquierda,adelante + izquierda,rapido
prendida,detenida,cierra en friega,apagar,detenida
adelante,rapido,voltea a la derecha,adelante + derecha,rapido
adelante + derecha,normal,silla izquierda,adelante,normal
prendida,detenida,gira a la iZquieRda con cUidado,izquierda,lenta
adelante,lenta,derecha,adelante + derecha,lenta
prendida,detenida,al lado izquierdo apurate,izquierda,rapido
adelante + derecha,normal,silla izquierda,adelante,normal
adelante,detenida,desacelera en friega,adelante,lenta
adelante,lenta,silla izquierda,adelante + izquierda,lenta
prendida,detenida,APAGATE,apagar,detenida
prendida,rapido,aumenta la velocidad ahorita,null,rapido
prendida,detenida,Muevete Hacia Adelante,adelante,normal
adelante,rapido,con mas velocidad de inmediato,adelante,rapido
adelante,lenta,derecha!!,adelante + derecha,lenta
prendida,detenida,pa' la derecha lento,derecha,lenta
prendida,normal,modo normal ya,null,normal
adelante,rapido,IZQUIERDA YA,adelante + izquierda,rapido
adelante,normal,mete mas velocidad ahora,adelante,rapido
adelante,lenta,mAnten Velocidad Normal ya,adelante,normal
prendida,normal,mas lento ya,null,lenta
prendida,lenta,desacelera ahorita,null,lenta
adelante + izquierda,rapido,dale adelante??,adelante,rapido
prendida,detenida,Cierra En Corto,apagar,detenida
prendida,detenida,izquierda,izquierda,null
prendida,detenida,silla derecha,derecha,null
izquierda,lenta,MAS LENTO DE UNA,izquierda,lenta
adelante + derecha,rapido,silla izquierda...,adelante,rapido
adelante,normal,Voltea A La Derecha,adelante + derecha,normal
prendida,detenida,muevete hacia adelante despacio,adelante,lenta
prendida,detenida,Vamos Adelante,adelante,null
prendida,detenida,vamOs adelante,adelante,null
adelante,detenida,voltea a la izquierda,adelante + izquierda,detenida
adelante,rapido,velocidad normal en este momento,adelante,normal
adelante + derecha,normal,Voltea A La Izquierda,adelante,normal
prendida,detenida,para enfrente despacio,adelante,lenta
adelante,normal,GIRA A LA DERECHA,adelante + derecha,normal
adelante,lenta,mas lento de una,adelante,lenta
prendida,detenida,dEsACelera en este momentO,null,lenta
adelante + izquierda,normal,a la derecha,adelante,normal
prendida,detenida,lento!,null,lenta
adelante + derecha,rapido,avanza,adelante,rapido
prendida,detenida,muevete adelante!,adelante,null
prendida,detenida,voltea a la izquierda!!,izquierda,null
prendida,detenida,echale al frente,adelante,normal
adelante,rapido,derecha,adelante + derecha,rapido
prendida,detenida,manten velocidad normal ya,null,normal
adelante,detenida,gira a la derecha,adelante + derecha,detenida
prendida,detenida,izquierda ya,izquierda,null
prendida,detenida,rapido,null,rapido
apagado,detenida,prende la silla,prender,detenida
adelante + derecha,rapido,Gira a lA IZquIerDa,adelante,rapido
prendida,detenida,silla adelante,adelante,null
prendida,detenida,ve hacia la derecha normal,derecha,normal
prendida,detenida,a la derecha!!,derecha,null
adelante + izquierda,rapido,silla adelante,adelante,rapido
prendida,detenida,Dale Adelante Mas Rapido,adelante,rapido
prendida,normal,Mas Lento De Una,null,lenta
prendida,detenida,al frente rapido,adelante,rapido
prendida,detenida,sigue para enfrente,adelante,normal
prendida,detenida,con mas velocidad ya!!,null,rapido
adelante,normal,voltea a la izquierda,adelante + izquierda,normal
adelante,rapido,aumenta la velocidad ya,adelante,rapido
adelante,lenta,derecha ya??,adelante + derecha,lenta
prendida,rapido,a velocidad normal ahorita,null,normal
adelante,normal,derecha,adelante + derecha,normal
adelante + derecha,lenta,voltea a la izquierda,adelante,lenta
adelante + izquierda,rapido,derecha ya,adelante,rapido
adelante,normal,gira a la izquierda,adelante + izquierda,normal
prendida,detenida,para enfrente rapido,adelante,rapido
prendida,detenida,silla adelante,adelante,null
prendida,detenida,Avanza Con Calma,adelante,lenta
prendida,rapido,lento,null,lenta
adelante + derecha,lenta,silla adelante,adelante,lenta
adelante,lenta,GIRa a la deRecha,adelante + derecha,lenta
prendida,detenida,vamos adelante,adelante,null
prendida,detenida,derecho mete velocidad,adelante,rapido
prendida,detenida,muevete adelante,adelante,null
prendida,rapido,modo normal ahorita,null,normal
adelante,normal,giRA a La izquiErdA,adelante + izquierda,normal
apagado,detenida,inicia en corto,prender,detenida
prendida,lenta,tranqui,null,lenta
prendida,detenida,echale para enfrente?,adelante,null
adelante,rapido,reduce la velocidad,adelante,lenta
prendida,detenida,vamos adelante,adelante,null
prendida,detenida,Normal,null,normal
prendida,detenida,desconectate en corto,apagar,detenida
prendida,detenida,echale para enfrente,adelante,null
adelante,lenta,silla izquierda??,adelante + izquierda,lenta
prendida,detenida,GIRA A LA IZQUIERDA,izquierda,null
prendida,detenida,derecha ya,derecha,null
prendida,detenida,izquierda ya...,izquierda,null
prendida,rapido,pa enfrente,adelante,null
adelante + izquierda,normal,derecHa,adelante,normal
apagado,detenida,enciendete de una,prender,detenida
apagado,detenida,enciende ya...,prender,detenida
adelante,normal,silla izquierda,adelante + izquierda,normal
adelante,rapido,a la izquierda,adelante + izquierda,rapido
apagado,detenida,aRrAnca en cortO,prender,detenida
adelante,detenida,mas lento en friega,adelante,lenta
prendida,detenida,apaga de una,apagar,detenida
adelante + derecha,rapido,silla izquierda,adelante,rapido
prendida,detenida,a velocidad normal,null,normal
prendida,lenta,adelante!,adelante,null
prendida,detenida,voltea a la derecha,derecha,null
prendida,detenida,pa enfRenTe,adelante,null
apagado,detenida,inicia en friega,prender,detenida
adelante,rapido,mas lento en friega,adelante,lenta
adelante + derecha,rapido,silla izquierda,adelante,rapido
apagado,detenida,enciendete ahorita?,prender,detenida
adelante,normal,manten velocidad normal ya,adelante,normal
prendida,detenida,a la izquierda con calma!,izquierda,lenta
prendida,detenida,dobla a la derecha mete velocidad,derecha,rapido
prendida,detenida,Muevete Adelante,adelante,null
adelante,lenta,silla derecha,adelante + derecha,lenta
izquierda,normal,reduce velocidad,izquierda,lenta
prendida,detenida,apaga de una,apagar,detenida
izquierda,rapido,desacelera de una,izquierda,lenta
prendida,detenida,avanza con calma!!,adelante,lenta
adelante + derecha,rapido,para enfrente,adelante,rapido
prendida,detenida,A LA DERECHA,derecha,null
adelante + izquierda,normal,VOLTEA A LA DERECHA,adelante,normal
apagado,detenida,Arranca De Una,prender,detenida
apagado,detenida,activate de una,prender,detenida
prendida,lenta,pa enfrente!!,adelante,null
adelante + izquierda,lenta,silla derecha,adelante,lenta
prendida,detenida,izquierda ya,izquierda,null
adelante,lenta,gira a la derecha,adelante + derecha,lenta
adelante,detenida,NORMAL YA,adelante,normal
adelante,lenta,gira a la derecha,adelante + derecha,lenta
prendida,detenida,pa' la derecha mas rapido,derecha,rapido
adelante,lenta,gira a la derecha,adelante + derecha,lenta
apagado,detenida,prendete rapido,prender,detenida
prendida,detenida,Derecha,derecha,null
apagado,detenida,prenDete Ahora,prender,detenida
prendida,detenida,apaga de una,apagar,detenida
prendida,normal,auMenta la VeLociDad EN corto,null,rapido
apagado,detenida,prendete de una,prender,detenida
adelante + izquierda,normal,Vamos Adelante,adelante,normal
apagado,detenida,encIendE,prender,detenida
prendida,detenida,dale derecho con mas velocidad,adelante,rapido
prendida,detenida,silla adelante,adelante,null
derecha,detenida,normal,derecha,normal
prendida,detenida,apaga ya,apagar,detenida
derecha,rapido,manten velocidad normal ya,derecha,normal
prendida,detenida,RUEDA PARA ADELANTE METE VELOCIDAD,adelante,rapido
adelante,rapido,a la izquierda,adelante + izquierda,rapido
adelante + derecha,rapido,para enfrente,adelante,rapido
adelante,normal,desacelera ahorita,adelante,lenta
prendida,detenida,echale para enfrente apurate,adelante,rapido
adelante,normal,manten velocidad normal ahorita,adelante,normal
adelante,lenta,mete mas velocidad,adelante,rapido
prendida,detenida,mas rapido!!,null,rapido
adelante,lenta,reduce la velocidad en este momento,adelante,lenta
prendida,detenida,da vuelta pa' la izquierda lento.,izquierda,lenta
prendida,detenida,derecha,derecha,null
adelante,rapido,gira a la izquierda,adelante + izquierda,rapido
apagado,detenida,enciende en este momento,prender,detenida
prendida,detenida,Pa' La Izquierda Con Cuidado,izquierda,lenta
prendida,normal,lento,null,lenta
adelante,normal,a velocidad normal de una,adelante,normal
prendida,detenida,pa enfrente,adelante,null
prendida,detenida,continua para adelante con mas velocidad,adelante,rapido
apagado,detenida,arranca ya,prender,detenida
adelante,rapido,modo normal ya,adelante,normal
adelante + derecha,lenta,muevete adelante,adelante,lenta
adelante,detenida,subele la velocidad en corto,adelante,rapido
adelante + derecha,normal,izquierda ya,adelante,normal
prendida,rapido,a velocidad normal ya.,null,normal
adelante,detenida,a velocidad normal en este momento,adelante,normal
prendida,detenida,desactivate ahora,apagar,detenida
prendida,rapido,con calma de inmediato,null,lenta
adelante,normal,silla derecha,adelante + derecha,normal
prendida,detenida,pa enfrente,adelante,null
prendida,detenida,rueda hacia adelante rapido,adelante,rapido
prendida,detenida,Para Enfrente,adelante,null
derecha,rapido,velocidad normal en friega,derecha,normal
apagado,detenida,arranca en corto,prender,detenida
prendida,detenida,vamos adelante!,adelante,null
prendida,detenida,avanza,adelante,null
adelante,rapido,mas lento,adelante,lenta
prendida,detenida,apaguete,apagar,detenida
prendida,rapido,reduce la velocidad en este momento,null,lenta
adelante + izquierda,rapido,dErecHa yA,adelante,rapido
adelante,rapido,deRecha,adelante + derecha,rapido
adelante,normal,silla izquierda,adelante + izquierda,normal
prendida,detenida,muevete adelante,adelante,null
adelante + derecha,normal,para enfrente,adelante,normal
adelante + izquierda,rapido,muevete adelante,adelante,rapido
adelante,lenta,IZQUIERDA YA,adelante + izquierda,lenta
adelante,lenta,gira a la izquierda!,adelante + izquierda,lenta
adelante + izquierda,rapido,gira a la derecha,adelante,rapido
prendida,detenida,Echale Para Enfrente,adelante,null
adelante,normal,izquierda,adelante + izquierda,normal
adelante,rapido,silla derecha,adelante + derecha,rapido
prendida,detenida,adelantate con calma,adelante,lenta
prendida,detenida,mete mas velocidad,null,rapido
adelante + izquierda,normal,derecha,adelante,normal
derecha,rapido,velocidad normal en friega?,derecha,normal
prendida,lenta,A Velocidad Normal De Una,null,normal
prendida,detenida,vamos adelante,adelante,null
adelante + izquierda,normal,silla adelante!,adelante,normal
adelante + izquierda,rapido,derecha,adelante,rapido
adelante,normal,izquierda ya,adelante + izquierda,normal
prendida,detenida,echale de frente con cuidado,adelante,lenta
adelante,lenta,a la izquierda,adelante + izquierda,lenta
prendida,detenida,ruEdA dE fRentE,adelante,normal
adelante + derecha,normal,silla izquierda,adelante,normal
adelante + izquierda,lenta,SILLA ADELANTE!,adelante,lenta
adelante + derecha,lenta,izquierda,adelante,lenta
adelante,lenta,derecha ya,adelante + derecha,lenta
adelante,detenida,No Tan Rapido De Inmediato,adelante,lenta
apagado,detenida,arranca en corto,prender,detenida
prendida,rapido,normal ya,null,normal
adelante,lenta,velOcIDAD normal en eSte mOmenTo,adelante,normal
prendida,detenida,para enfrente!!,adelante,null
prendida,detenida,muevete para enfrente mas rapido??,adelante,rapido
adelante + derecha,normal,gira a la izquierda,adelante,normal
adelante + derecha,normal,izquierda ya!!,adelante,normal
prendida,detenida,da vuelta para la izquierda tranqui,izquierda,lenta
prendida,detenida,continua para adelante apurate,adelante,rapido
prendida,detenida,Muevete Adelante,adelante,null
izquierda,detenida,Con Calma Ahora!,izquierda,lenta
adelante + izquierda,rapido,a la deRecHa,adelante,rapido
prendida,detenida,de frente con calma,adelante,lenta
prendida,detenida,muevete para adelante suavecito,adelante,lenta
adelante,rapido,voltea a la derecha??,adelante + derecha,rapido
adelante + izquierda,normal,a la derecha,adelante,normal
prendida,detenida,PARA ENFRENTE,adelante,null
adelante,detenida,derecha ya!!,adelante + derecha,detenida
prendida,detenida,voltea al lado derecho despacio,derecha,lenta
apagado,detenida,activate en corto,prender,detenida
adelante,normal,con mas velocidad en corto,adelante,rapido
prendida,normal,bajale la velocidad de inmediato...,null,lenta
prendida,detenida,dale adelante,adelante,null
prendida,rapido,MAS RAPIDO DE UNA,null,rapido
apagado,detenida,activate,prender,detenida
adelante,normal,con calma de inmediato,adelante,lenta
prendida,detenida,DESACTIVATE AHORA,apagar,detenida
prendida,rapido,para enfrente,adelante,null
adelante + izquierda,normal,derecha ya,adelante,normal
adelante + derecha,normal,adelante,adelante,normal
prendida,normal,echale para enfrente...,adelante,null
prendida,detenida,apaguete,apagar,detenida
prendida,detenida,dE frentE apurAte,adelante,rapido
adelante,lenta,izquierda,adelante + izquierda,lenta
prendida,detenida,Silla Adelante,adelante,null
adelante,rapido,derecha ya,adelante + derecha,rapido
prendida,detenida,apaga de una,apagar,detenida
prendida,detenida,arrancate para enfrente a velocidad normal...,adelante,normal
prendida,detenida,gira para la derecha mete velocidad,derecha,rapido
prendida,detenida,da vuelta hacia la izquierda con cuidado,izquierda,lenta
prendida,detenida,arrancate derecho...,adelante,normal
adelante + derecha,lenta,echale para enfrente,adelante,lenta
adelante,rapido,no tan rapido en este momento,adelante,lenta
prendida,normal,muevete adelante,adelante,null
adelante + derecha,detenida,muevete adelante,adelante,detenida
adelante + derecha,normal,GIRA A LA IZQUIERDA...,adelante,normal
prendida,detenida,apaga!,apagar,detenida
prendida,detenida,NORMAL YA,null,normal
prendida,detenida,Desactivate De Una,apagar,detenida
prendida,detenida,bajale la velocidad ya,null,lenta
prendida,detenida,dA vueltA Para la izqUieRDa,izquierda,normal
prendida,detenida,dereCha,derecha,null
adelante,rapido,silla derecha,adelante + derecha,rapido
adelante,normal,DERECHA,adelante + derecha,normal
derecha,rapido,no tan rapido de inmediato!,derecha,lenta
adelante,rapido,NORMAL EN FRIEGA,adelante,normal
prendida,detenida,para adelante a velocidad normal,adelante,normal
adelante + izquierda,lenta,derecha ya,adelante,lenta
prendida,normal,Reduce La Velocidad En Este Momento,null,lenta
prendida,detenida,adelantate,adelante,normal
prendida,detenida,para enfrente lento,adelante,lenta
adelante,normal,a la izquierda...,adelante + izquierda,normal
apagado,detenida,prende de una,prender,detenida
prendida,detenida,muevete de frente apurate,adelante,rapido
prendida,detenida,izquierda ya...,izquierda,null
prendida,detenida,voltea a la derecha con cuidado,derecha,lenta
adelante + derecha,rapido,GIRA A LA IZQUIERDA,adelante,rapido
adelante,lenta,derecha,adelante + derecha,lenta
prendida,rapido,ve despacio en corto.,null,lenta
prendida,detenida,silla apagate,apagar,detenida
adelante + izquierda,lenta,derecHa ya,adelante,lenta
prendida,detenida,ruEda PaRA adELante Mete velociDad,adelante,rapido
prendida,normal,con mas velocidad de inmediato,null,rapido
adelante + derecha,rapido,vamos adelante,adelante,rapido
prendida,detenida,derecha.,derecha,null
prendida,detenida,duerme,apagar,detenida
prendida,detenida,ve de frente,adelante,normal
prendida,normal,Muevete Adelante?,adelante,null
adelante,normal,voltea a la izquierda,adelante + izquierda,normal
adelante,detenida,Mas Rapido Ahorita,adelante,rapido
adelante + izquierda,detenida,derecha ya,adelante,detenida
prendida,normal,con mas velocidad ahorita,null,rapido
prendida,detenida,descansa,apagar,detenida
adelante + izquierda,normal,dale adelante.,adelante,normal
prendida,detenida,arrancate al frente rapido,adelante,rapido
adelante,lenta,ve despacio en este momento,adelante,lenta
prendida,detenida,arrancate derecho suavecito,adelante,lenta
adelante,normal,modo normal ya,adelante,normal
adelante,detenida,baja la velocidad,adelante,lenta
prendida,detenida,Adelante,adelante,null
adelante,lenta,Manten Velocidad Normal Ahorita,adelante,normal
derecha,lenta,mas lento de una,derecha,lenta
prendida,rapido,mas rapido,null,rapido
prendida,detenida,Ve De Frente Despacito?,adelante,lenta
apagado,detenida,arranca,prender,detenida
adelante,detenida,desacelera de inmediato,adelante,lenta
apagado,detenida,prende la silla,prender,detenida
adelante,rapido,GIRA A LA IZQUIERDA,adelante + izquierda,rapido
prendida,detenida,cierra ahorita,apagar,detenida
prendida,detenida,normal en friega!,null,normal
adelante + izquierda,detenida,silla derecha,adelante,detenida
prendida,detenida,hacia adelante despacio,adelante,lenta
prendida,detenida,silla izquierda,izquierda,null
prendida,detenida,adelante,adelante,null
adelante,detenida,mas rapido en corto,adelante,rapido
prendida,detenida,Apaguete,apagar,detenida
adelante,lenta,silla izquierda,adelante + izquierda,lenta
prendida,detenida,izquierda,izquierda,null
prendida,detenida,echale al frente apurate,adelante,rapido
prendida,detenida,Pa Enfrente,adelante,null
izquierda,detenida,mas rapido,izquierda,rapido
prendida,detenida,adelante.,adelante,null
derecha,normal,VELOCIDAD NORMAL EN ESTE MOMENTO,derecha,normal
prendida,detenida,Muevete Para La Izquierda,izquierda,normal
prendida,detenida,dale adelante,adelante,null
prendida,detenida,adelante modo normal?,adelante,normal
prendida,detenida,Ve HacIa ADelante con calma,adelante,lenta
prendida,detenida,silla adelante,adelante,null
prendida,detenida,dale adelante velocidad normal,adelante,normal
prendida,detenida,dale de frente tranqui,adelante,lenta
adelante + derecha,detenida,silla izquierda,adelante,detenida
adelante,rapido,reduce velocidad...,adelante,lenta
prendida,detenida,reduce la velocidad en corto...,null,lenta
prendida,rapido,silla adelante,adelante,null
prendida,rapido,avanza,adelante,null
adelante,normal,voltea a la derecha,adelante + derecha,normal
prendida,detenida,Dobla Para La Izquierda A Velocidad Normal?,izquierda,normal
adelante + derecha,lenta,izquierda,adelante,lenta
adelante + izquierda,normal,derecha,adelante,normal
adelante,normal,izquierda ya!,adelante + izquierda,normal
adelante + derecha,rapido,gira a la izquierda,adelante,rapido
prendida,normal,aumenta la velocidad en este momento,null,rapido
prendida,detenida,dale de frente con cuidado,adelante,lenta
prendida,detenida,Para Enfrente,adelante,null
prendida,detenida,apaga la silla,apagar,detenida
prendida,detenida,apagate en friega,apagar,detenida
prendida,detenida,izquierda,izquierda,null
prendida,detenida,pa enfrente,adelante,null
adelante,rapido,APURATE,adelante,rapido
prendida,lenta,manten velocidad normal ahorita...,null,normal
prendida,detenida,adelante lento,adelante,lenta
adelante,normal,IZQUIERDA YA,adelante + izquierda,normal
prendida,normal,desacelera de una??,null,lenta
apagado,detenida,IniCiA de inmediatO,prender,detenida
adelante,detenida,baja a normal,adelante,normal
prendida,lenta,desAceLera de una,null,lenta
prendida,detenida,ve derecho normal,adelante,normal
prendida,detenida,rueda hacia adelante?,adelante,normal
adelante + izquierda,detenida,echale para enfrente,adelante,detenida
prendida,detenida,muevete al lado izquierdo??,izquierda,normal
prendida,detenida,rueda para adelante mete velocidad!,adelante,rapido
adelante + derecha,lenta,a la izquierda,adelante,lenta
adelante,detenida,manten velocidad normal ahora,adelante,normal
prendida,detenida,izquierda,izquierda,null
prendida,detenida,mas leNto en frIega!!,null,lenta
izquierda,rapido,a velocidad normal ahorita,izquierda,normal
prendida,detenida,IZQUIERDA,izquierda,null
adelante,rapido,DERECHA YA,adelante + derecha,rapido
adelante + izquierda,lenta,silla derecha,adelante,lenta
adelante + izquierda,lenta,voltea a la derecha!!,adelante,lenta
prendida,detenida,para la izquierda despacito,izquierda,lenta
adelante,normal,a la izquierda,adelante + izquierda,normal
prendida,rapido,con mas velocidad de una,null,rapido
prendida,detenida,muevete adelante,adelante,null
adelante,lenta,a la izquierda!,adelante + izquierda,lenta
adelante,lenta,a la derecha,adelante + derecha,lenta
prendida,detenida,desactivate de una,apagar,detenida
prendida,detenida,desactivate ahora,apagar,detenida
adelante + izquierda,lenta,silla derecha,adelante,lenta
adelante,normal,izquierda,adelante + izquierda,normal
prendida,detenida,avanza,adelante,null
prendida,detenida,para enfrente,adelante,null
prendida,detenida,SILLA APAGA,apagar,detenida
prendida,detenida,izquierda ya,izquierda,null
adelante,normal,voltea a la derecha,adelante + derecha,normal
prendida,detenida,rueda para adelante a velocidad normal,adelante,normal
adelante,detenida,silla derecha,adelante + derecha,detenida
prendida,detenida,adelante,adelante,null
prendida,detenida,rueda de frente mas rapido,adelante,rapido
prendida,detenida,SIGUE DERECHO DESPACITO,adelante,lenta
prendida,detenida,sigue hacia adelante,adelante,normal
prendida,lenta,bajale la velocidad,null,lenta
adelante + izquierda,detenida,Voltea A La Derecha,adelante,detenida
prendida,detenida,muevete hacia adelante,adelante,normal
adelante,normal,a la derechA!,adelante + derecha,normal
prendida,detenida,ARRANCATE AL FRENTE DESPACITO,adelante,lenta
adelante,detenida,modo normal ahora.,adelante,normal
apagado,detenida,enciende en este momento.,prender,detenida
prendida,detenida,apaga ya,apagar,detenida
adelante + izquierda,normal,para enfrente,adelante,normal
prendida,lenta,vamos adelante,adelante,null
prendida,detenida,silla apagate,apagar,detenida
prendida,normal,ECHALE PARA ENFRENTE.,adelante,null
adelante,rapido,gira a la izquierda,adelante + izquierda,rapido
prendida,detenida,cierra en friega,apagar,detenida
adelante + derecha,detenida,silla izquierda?,adelante,detenida
adelante + derecha,normal,avanza,adelante,normal
apagado,detenida,arranca ya.,prender,detenida
prendida,lenta,velocidad normal en friega??,null,normal
apagado,detenida,enciende en corto,prender,detenida
adelante,lenta,silla izquierda,adelante + izquierda,lenta
adelante,lenta,IZQUIERDA,adelante + izquierda,lenta
adelante,detenida,SILLA DERECHA,adelante + derecha,detenida
prendida,detenida,tuerce para la derecha,derecha,normal
prendida,detenida,da vuelta para la izquierda mas rapido,izquierda,rapido
adelante,lenta,mas lento en este momento,adelante,lenta
adelante + izquierda,normal,silla derecha,adelante,normal
prendida,detenida,izquierda ya...,izquierda,null
prendida,lenta,mete turbo,null,rapido
prendida,detenida,apagate,apagar,detenida
adelante,rapido,silla derecha...,adelante + derecha,rapido
prendida,normal,Para Enfrente,adelante,null
prendida,rapido,ve despacio ahorita,null,lenta
prendida,detenida,Arrancate Para Adelante Con Mas Velocidad,adelante,rapido
apagado,detenida,inicIa en cOrto,prender,detenida
prendida,detenida,Rueda Al Frente,adelante,normal
prendida,rapido,acelera en friega,null,rapido
adelante + izquierda,normal,silla derecha,adelante,normal
prendida,detenida,dale para adelante,adelante,normal
adelante,normal,reduce la velocidad ya,adelante,lenta
prendida,rapido,sUbEle la velocidaD YA,null,rapido
prendida,detenida,dale derecho mete velocidad.,adelante,rapido
adelante,rapido,a la izquierda,adelante + izquierda,rapido
adelante,rapido,silla derecha,adelante + derecha,rapido
prendida,detenida,apagate en friega,apagar,detenida
prendida,detenida,llegale hacia adelante apurate.,adelante,rapido
prendida,detenida,adelante lento...,adelante,lenta
prendida,detenida,al lado derecho apurate,derecha,rapido
prendida,detenida,desacelera de inmediato,null,lenta
adelante,rapido,DERECHA,adelante + derecha,rapido
adelante,rapido,gira a la izquierda,adelante + izquierda,rapido
adelante,normal,reduce la velocidad de una,adelante,lenta
prendida,lenta,mete turbo,null,rapido
prendida,lenta,a velocidad normal de una,null,normal
prendida,lenta,BAJA A NORMAL,null,normal
prendida,lenta,manten velocidad normal ahorita?,null,normal
apagado,detenida,enciende en este momento,prender,detenida
prendida,detenida,muevete para enfrente con cuidado??,adelante,lenta
adelante + derecha,normal,Adelante,adelante,normal
prendida,rapido,baja la velocidad,null,lenta
adelante + derecha,rapido,izquierda ya,adelante,rapido
prendida,detenida,Derecho Mete Velocidad,adelante,rapido
adelante,lenta,izquierdA ya,adelante + izquierda,lenta
prendida,detenida,echale para enfrente,adelante,null
adelante,rapido,aumenta la velocidad de una,adelante,rapido
prendida,detenida,sigue derecho normal,adelante,normal
adelante,rapido,silla derecha,adelante + derecha,rapido
prendida,normal,echale para enfrente,adelante,null
prendida,detenida,AVANZA,adelante,null
prendida,normal,mete mas velocidad en este momento,null,rapido
prendida,detenida,adelante rapido...,adelante,rapido
prendida,detenida,voltea a la izquierda,izquierda,null
adelante + izquierda,lenta,Derecha Ya,adelante,lenta
adelante + izquierda,detenida,gira a la derecha,adelante,detenida
prendida,lenta,muevete adelante,adelante,null
prendida,detenida,derecha ya,derecha,null
prendida,detenida,vamos adelante,adelante,null
prendida,detenida,pa enfrente.,adelante,null
adelante + izquierda,normal,voltea a la derecha??,adelante,normal
prendida,detenida,gira a la derecha,derecha,null
izquierda,normal,mete mas velocidad en este momento,izquierda,rapido
adelante,detenida,voltea a la izquierda,adelante + izquierda,detenida
prendida,detenida,desacelera de inmediato,null,lenta
prendida,detenida,silla izquierda,izquierda,null
adelante + derecha,lenta,vamos adelante,adelante,lenta
prendida,lenta,modo normal ahora,null,normal
prendida,detenida,subele la velocidad de una,null,rapido
prendida,lenta,silla adelante,adelante,null
prendida,rapido,modo normal ya,null,normal
adelante + izquierda,normal,voltea a la derecha,adelante,normal
prendida,detenida,gira a la derecha!,derecha,null
derecha,rapido,velocidad normal en friega,derecha,normal
adelante,normal,VOLTEA A LA IZQUIERDA?,adelante + izquierda,normal
prendida,rapido,dale adelante,adelante,null
prendida,detenida,LLEGALE HACIA ADELANTE,adelante,normal
adelante,detenida,A VELOCIDAD NORMAL EN ESTE MOMENTO...,adelante,normal
adelante,normal,gira a la izquierda,adelante + izquierda,normal
adelante + izquierda,lenta,gira a la derecha,adelante,lenta
apagado,detenida,prendete ahorita,prender,detenida
adelante + izquierda,normal,DERECHA,adelante,normal
adelante,rapido,mete mas velocidad,adelante,rapido
prendida,detenida,Rueda Hacia Adelante,adelante,normal
prendida,rapido,para enfrente,adelante,null
prendida,detenida,arrancate para adelante con mas velocidad!,adelante,rapido
adelante + izquierda,lenta,muevete adelante,adelante,lenta
prendida,normal,aumenta la velocidad ya,null,rapido
prendida,rapido,con calma ahorita,null,lenta
adelante,rapido,voltea a la derecha,adelante + derecha,rapido
adelante + derecha,rapido,a la izquierda,adelante,rapido
adelante + izquierda,normal,Voltea A La Derecha,adelante,normal
prendida,detenida,adelante lento,adelante,lenta
prendida,detenida,camina hacia enfrente rapido,adelante,rapido
adelante + izquierda,rapido,Derecha Ya!,adelante,rapido
prendida,detenida,silla adelante,adelante,null
prendida,detenida,muEveTe HAcia la IzqUIerdA Rapido,izquierda,rapido
adelante + derecha,rapido,Izquierda Ya!!,adelante,rapido
adelante,normal,voltea a la izquierda,adelante + izquierda,normal
adelante,detenida,Gira A La Izquierda,adelante + izquierda,detenida
prendida,rapido,no tan rapido en friega,null,lenta
adelante,detenida,con calma!!,adelante,lenta
prendida,detenida,Echale Para Enfrente Rapido,adelante,rapido
adelante,detenida,reduce la velocidad en corto,adelante,lenta
prendida,detenida,voltea a la izquierda tranqui,izquierda,lenta
prendida,detenida,A LA DERECHA A VELOCIDAD NORMAL,derecha,normal
adelante,rapido,izquierda,adelante + izquierda,rapido
adelante,detenida,voltea a la izquierda,adelante + izquierda,detenida
prendida,lenta,aumenta la velocidad ya,null,rapido
prendida,detenida,desconectate en corto,apagar,detenida
prendida,rapido,a velocidad normal ahorita,null,normal
adelante + izquierda,lenta,muevete adelante,adelante,lenta
prendida,detenida,izquierda ya,izquierda,null
prendida,detenida,adelante,adelante,null
prendida,detenida,Pa Enfrente Rapido??,adelante,rapido
adelante,detenida,derecha ya!,adelante + derecha,detenida
adelante + izquierda,rapido,silla derecha,adelante,rapido
prendida,detenida,adelante,adelante,null
derecha,normal,bajale la velocidad de una,derecha,lenta
adelante,lenta,Derecha Ya,adelante + derecha,lenta
prendida,detenida,muevete de frente lento,adelante,lenta
adelante + derecha,rapido,silla izquierda??,adelante,rapido
prendida,detenida,a velocidad normal en este momento,null,normal
prendida,detenida,vamos adelante,adelante,null
adelante,lenta,derecha ya,adelante + derecha,lenta
prendida,rapido,velocidad normal en este momento,null,normal
prendida,normal,para enfrente...,adelante,null
adelante + derecha,rapido,a la izquIerda,adelante,rapido
derecha,normal,ve despacio ahorita?,derecha,lenta
prendida,rapido,mete mas velocidad en este momento,null,rapido
adelante + izquierda,rapido,A LA DERECHA!,adelante,rapido
adelante,rapido,VELOCIDAD NORMAL EN FRIEGA,adelante,normal
prendida,detenida,para adelante suavecito,adelante,lenta
prendida,detenida,voltea a la derecha,derecha,null
adelante + izquierda,normal,derecha ya.,adelante,normal
prendida,normal,modo normal,null,normal
adelante + derecha,lenta,gira a la izquierda??,adelante,lenta
adelante + izquierda,rapido,deREcha,adelante,rapido
prendida,detenida,dale adelante.,adelante,null
apagado,detenida,inicia DE inmediato!!,prender,detenida
apagado,detenida,activate en este momento!,prender,detenida
adelante + derecha,lenta,izquierda ya,adelante,lenta
adelante,rapido,izquierda,adelante + izquierda,rapido
adelante + derecha,rapido,izquierda,adelante,rapido
prendida,detenida,pa enfrente lento,adelante,lenta
prendida,detenida,dale ADELAnte!,adelante,null
adelante,lenta,con calma de inmediato??,adelante,lenta
adelante,rapido,silla derecha,adelante + derecha,rapido
adelante + derecha,rapido,Voltea A La Izquierda,adelante,rapido
adelante,rapido,mas lento ya,adelante,lenta
prendida,detenida,izquierdA ya,izquierda,null
adelante,lenta,silla derecha,adelante + derecha,lenta
prendida,lenta,subele la velocidad,null,rapido
prendida,detenida,silla adelante,adelante,null
prendida,detenida,muevete pa' la izquierda despacito,izquierda,lenta
apagado,detenida,enciendete ahorita,prender,detenida
adelante + izquierda,normal,Voltea a La deREcHa,adelante,normal
adelante + derecha,detenida,voltea a la izquierda,adelante,detenida
apagado,detenida,arranca ya,prender,detenida
prendida,detenida,aL frente Con Cuidado,adelante,lenta
adelante + derecha,lenta,silla izquierda!!,adelante,lenta
adelante,rapido,a velocidad normal,adelante,normal
apagado,detenida,Prendete Ahorita,prender,detenida
adelante,detenida,a la izquierda,adelante + izquierda,detenida
apagado,detenida,inicia en friega?,prender,detenida
adelante + izquierda,lenta,avanza!,adelante,lenta
prendida,rapido,a velocidad normal de una,null,normal
izquierda,rapido,subele la velocidad,izquierda,rapido
prendida,normal,con mas velocidad en este momento,null,rapido
adelante,lenta,con calma en friega,adelante,lenta
prendida,rapido,normal en friega?,null,normal
prendida,detenida,velocidad normal?,null,normal
prendida,detenida,a la derecha velocidad normal,derecha,normal
adelante,rapido,bajale la velocidad de inmediato??,adelante,lenta
adelante,lenta,a la derecha...,adelante + derecha,lenta
prendida,detenida,apaguete,apagar,detenida
prendida,normal,mete mas velocidad de inmediato,null,rapido
adelante,detenida,con mas velocidad ahorita,adelante,rapido
prendida,detenida,aVaNza,adelante,null
apagado,detenida,prendete rapido??,prender,detenida
prendida,normal,adelante,adelante,null
prendida,lenta,mas RapidO ahoRIta!,null,rapido
prendida,rapido,ve despacio de inmediato.,null,lenta
prendida,rapido,no tan rapido de una,null,lenta
adelante + izquierda,normal,pa enfrente,adelante,normal
adelante,rapido,voltea a la derecha,adelante + derecha,rapido
prendida,normal,adelante,adelante,null
apagado,detenida,prendete rapido,prender,detenida
prendida,detenida,DALE DERECHO,adelante,normal
prendida,detenida,avanza,adelante,null
prendida,rapido,disminuye la velocidad,null,normal
adelante + izquierda,lenta,gira a la derecha,adelante,lenta
adelante,detenida,desacelera de inmediato.,adelante,lenta
apagado,detenida,prende,prender,detenida
adelante,lenta,modo normal ahorita,adelante,normal
adelante + izquierda,lenta,para enfrente,adelante,lenta
prendida,detenida,voltea para la izquierda normal,izquierda,normal
prendida,detenida,apaga en friega,apagar,detenida
prendida,detenida,pa enfrente,adelante,null
prendida,detenida,gIRA a lA izQUierda mete vElOciDad,izquierda,rapido
adelante,lenta,voltea a la izquierda??,adelante + izquierda,lenta
prendida,detenida,hacia adelante con cuidado,adelante,lenta
prendida,detenida,ve derecho,adelante,normal
apagado,detenida,ENCIENDE LA SILLA,prender,detenida
adelante + izquierda,rapido,silla derecha,adelante,rapido
adelante,lenta,a velocidad normal de una,adelante,normal
prendida,detenida,avanza,adelante,null
adelante + izquierda,lenta,silla derecha,adelante,lenta
adelante + derecha,rapido,voltea a la izquierda,adelante,rapido
prendida,normal,mete mas velocidad,null,rapido
adelante,lenta,gira a la izquierda,adelante + izquierda,lenta
prendida,detenida,gira a la izquierda,izquierda,null
prendida,detenida,AVANZA,adelante,null
prendida,detenida,a la izquierda con mas velocidad,izquierda,rapido
prendida,detenida,desactivate de una,apagar,detenida
prendida,detenida,Vamos Adelante,adelante,null
adelante,lenta,a la izquierda??,adelante + izquierda,lenta
adelante,normal,izquIErDa,adelante + izquierda,normal
prendida,detenida,derECho despAciO,adelante,lenta
prendida,detenida,a la derecha,derecha,null
adelante,rapido,voltea a la izquierda,adelante + izquierda,rapido
adelante,normal,Derecha Ya,adelante + derecha,normal
prendida,detenida,muevete de frente normal,adelante,normal
prendida,detenida,ve de frente despacito,adelante,lenta
adelante + derecha,rapido,silla izquierda,adelante,rapido
prendida,lenta,Con Mas Velocidad Ahorita,null,rapido
adelante + derecha,rapido,izquierda.,adelante,rapido
adelante + izquierda,lenta,muevete adelante,adelante,lenta
prendida,normal,con mas velocidad,null,rapido
adelante,rapido,a la izquierda,adelante + izquierda,rapido
prendida,detenida,hiberna,apagar,detenida
prendida,detenida,continua al frente despacito,adelante,lenta
prendida,detenida,camina hacia enfrente,adelante,normal
adelante,normal,silla izquierda,adelante + izquierda,normal
adelante + izquierda,lenta,GIRA A LA DERECHA,adelante,lenta
prendida,detenida,da vuelta para la izquierda tranqui,izquierda,lenta
prendida,detenida,silla apagate??,apagar,detenida
adelante + derecha,rapido,SILLA IZQUIERDA,adelante,rapido
izquierda,detenida,despacito.,izquierda,lenta
adelante,normal,izquierda,adelante + izquierda,normal
adelante,normal,DERECHA YA,adelante + derecha,normal
adelante,rapido,silla izquierda,adelante + izquierda,rapido
adelante,lenta,izquierda ya,adelante + izquierda,lenta
derecha,detenida,Ve Despacio De Inmediato,derecha,lenta
derecha,rapido,normal ya...,derecha,normal
adelante,detenida,Reduce La Velocidad Ahora,adelante,lenta
adelante + izquierda,normal,derecha,adelante,normal
adelante + izquierda,lenta,dale adelante,adelante,lenta
prendida,detenida,paRa ENfrEntE lENTa,adelante,lenta
adelante,detenida,no tan rapido en friega,adelante,lenta
adelante,lenta,izquierda,adelante + izquierda,lenta
adelante,detenida,velocidad normal en friega,adelante,normal
adelante,lenta,voltea a la izquierda,adelante + izquierda,lenta
adelante,lenta,Derecha Ya,adelante + derecha,lenta
adelante + izquierda,normal,derecha ya,adelante,normal
prendida,detenida,a la izquierda,izquierda,null
prendida,detenida,VAMOS ADELANTE,adelante,null
adelante + izquierda,lenta,gira a la derecha,adelante,lenta
adelante,lenta,voltea a la izquierda,adelante + izquierda,lenta
izquierda,lenta,Manten Velocidad Normal Ahorita,izquierda,normal
izquierda,rapido,rapido,izquierda,rapido
prendida,detenida,apagate de una,apagar,detenida
derecha,normal,suavecito,derecha,lenta
adelante,rapido,silla derecha,adelante + derecha,rapido
adelante,lenta,ve despacio ahorita,adelante,lenta
adelante,lenta,velocidad normal en friega,adelante,normal
adelante + derecha,rapido,GIRA A LA IZQUIERDA?,adelante,rapido
adelante,normal,gira a la derecha?,adelante + derecha,normal
adelante + izquierda,rapido,derecha ya,adelante,rapido
prendida,detenida,Ve Hacia Adelante Con Mas Velocidad!!,adelante,rapido
prendida,detenida,avanza,adelante,null
prendida,detenida,gira a la derecha,derecha,null
prendida,detenida,subele la velocidad en friega,null,rapido
apagado,detenida,activate en corto,prender,detenida
adelante + izquierda,normal,Muevete Adelante,adelante,normal
adelante + izquierda,normal,gira a la derecha,adelante,normal
prendida,detenida,apaga la silla,apagar,detenida
prendida,detenida,muevete al lado derecho con mas velocidad.,derecha,rapido
prendida,detenida,voltea a la derecha,derecha,null
prendida,detenida,desactivate en corto,apagar,detenida
adelante + derecha,normal,izquierda ya...,adelante,normal
prendida,detenida,da vuelta para la derecha suavecito,derecha,lenta
adelante,normal,MAS LENTO YA...,adelante,lenta
prendida,rapido,aumenta la velocidad ahorita,null,rapido
prendida,lenta,Subele La Velocidad En Este Momento,null,rapido
prendida,detenida,avanza lenta?,adelante,lenta
prendida,detenida,desconectate en friega,apagar,detenida
adelante + izquierda,lenta,voltea a la derecha,adelante,lenta
adelante + izquierda,normal,DERECHA,adelante,normal
prendida,lenta,dale adelante...,adelante,null
prendida,detenida,continua de frente normal,adelante,normal
adelante,lenta,izquierda ya,adelante + izquierda,lenta
adelante,detenida,aumenta la velocidad de una,adelante,rapido
adelante,normal,izquierda ya!!,adelante + izquierda,normal
prendida,rapido,normal ya,null,normal
adelante,normal,a la izquierda,adelante + izquierda,normal
adelante,normal,derecha,adelante + derecha,normal
adelante,rapido,No Tan Rapido De Una,adelante,lenta
adelante + derecha,normal,izquieRdA!!,adelante,normal
adelante,normal,A La Izquierda,adelante + izquierda,normal
adelante + izquierda,lenta,silla adelante,adelante,lenta
prendida,detenida,pa enfrente mas rapido,adelante,rapido
prendida,detenida,izquierda,izquierda,null
adelante + derecha,detenida,voltea a la izquierda!,adelante,detenida
adelante + izquierda,rapido,derecha,adelante,rapido
prendida,detenida,Gira A La Derecha!,derecha,null
adelante,rapido,normal ahorita,adelante,normal
prendida,detenida,cierra ahorita,apagar,detenida
adelante + izquierda,normal,Gira A La Derecha,adelante,normal
prendida,detenida,para enfrente,adelante,null
prendida,detenida,apaga de inmediato,apagar,detenida
prendida,detenida,disminUye la VElOcidad,null,normal
prendida,normal,rapido,null,rapido
prendida,detenida,para enfrente,adelante,null
adelante + derecha,rapido,a la izquierda,adelante,rapido
prendida,lenta,Rapido,null,rapido
adelante,normal,Subele La Velocidad De Una,adelante,rapido
adelante,normal,izquierda,adelante + izquierda,normal
prendida,lenta,modo normal ahora,null,normal
prendida,detenida,Adelante...,adelante,null
adelante + izquierda,lenta,A la DeRechA...,adelante,lenta
prendida,detenida,adelantate,adelante,normal
prendida,detenida,Llegale Al Frente Despacito,adelante,lenta
prendida,detenida,descansa,apagar,detenida
apagado,detenida,activate en este momento,prender,detenida
adelante,normal,a la izquierda,adelante + izquierda,normal
adelante,detenida,reduce la velocidad en corto??,adelante,lenta
adelante,detenida,manten veLocidad noRmal ahoRA,adelante,normal
adelante + izquierda,lenta,Derecha!!,adelante,lenta
prendida,detenida,da vuelta a la izquierda con calma...,izquierda,lenta
prendida,detenida,muevete para la izquierda a velocidad normal,izquierda,normal
apagado,detenida,enciende ya,prender,detenida
adelante,normal,izquierda ya,adelante + izquierda,normal
prendida,detenida,dobla pa' la derecha mete velocidad,derecha,rapido
prendida,detenida,gira hacia la derecha despacito,derecha,lenta
prendida,detenida,Silla Adelante,adelante,null
prendida,lenta,pa enfrente??,adelante,null
prendida,detenida,VE HACIA ADELANTE.,adelante,normal
adelante,rapido,acelera de una?,adelante,rapido
adelante + derecha,normal,echale para enfrente,adelante,normal
prendida,normal,SUBELE LA VELOCIDAD EN CORTO,null,rapido
izquierda,rapido,mete mas velocidad en este momento,izquierda,rapido
prendida,normal,no tan rapido en este momento,null,lenta
prendida,detenida,Rueda Hacia Adelante Suavecito,adelante,lenta
prendida,detenida,apaga la silla,apagar,detenida
adelante + izquierda,normal,derecha,adelante,normal
prendida,detenida,Apagate Ahorita,apagar,detenida
prendida,detenida,apagaTe AHorA.,apagar,detenida
prendida,detenida,apAgaTe ahorITA,apagar,detenida
prendida,detenida,para enfrente,adelante,null
prendida,lenta,mete mas velocidad en corto,null,rapido
prendida,rapido,Silla Adelante,adelante,null
adelante,rapido,silla derecha,adelante + derecha,rapido
prendida,detenida,al lado izquierdo despacio,izquierda,lenta
prendida,detenida,continua hacia adelante mete velocidad,adelante,rapido
adelante,normal,bajale la velocidad de una,adelante,lenta
prendida,detenida,SiLla apAGate,apagar,detenida
prendida,detenida,descansa,apagar,detenida
prendida,rapido,adelante?,adelante,null
adelante,lenta,no tan rapido en este momento!!,adelante,lenta
adelante + izquierda,normal,silLA derEchA,adelante,normal
prendida,detenida,derecho con cuidado,adelante,lenta
prendida,detenida,silla adelante...,adelante,null
adelante,rapido,izquierda!,adelante + izquierda,rapido
prendida,detenida,rueda para enfrente,adelante,normal
adelante + derecha,rapido,izquierda ya!!,adelante,rapido
adelante + derecha,detenida,avanza,adelante,detenida
prendida,detenida,muevete adelante?,adelante,null
prendida,detenida,echale al frente mas rapido.,adelante,rapido
derecha,lenta,no tan rapido en este momento?,derecha,lenta
prendida,normal,a velocidad normal,null,normal
prendida,detenida,a la izquierda,izquierda,null
adelante + derecha,normal,Izquierda,adelante,normal
prendida,detenida,hacia adelante rapido...,adelante,rapido
prendida,detenida,izquierda,izquierda,null
prendida,detenida,vamos adelante,adelante,null
prendida,normal,adelante,adelante,null
adelante,rapido,Silla Izquierda,adelante + izquierda,rapido
prendida,detenida,silla izquierda...,izquierda,null
prendida,detenida,hacia adelante con mas velocidad,adelante,rapido
adelante,rapido,gira a la derecha,adelante + derecha,rapido
adelante,lenta,bajale la velocidad,adelante,lenta
prendida,detenida,apagate,apagar,detenida
prendida,detenida,Voltea Hacia La Izquierda Despacito,izquierda,lenta
prendida,detenida,apaga,apagar,detenida
adelante,normal,a la izquierda,adelante + izquierda,normal
adelante + izquierda,lenta,Silla Derecha,adelante,lenta
prendida,detenida,A LA DERECHA MAS RAPIDO,derecha,rapido
prendida,rapido,manten velocidad normal en friega,null,normal
adelante,normal,derecha,adelante + derecha,normal
izquierda,normal,subele la velocidad en corto,izquierda,rapido
adelante,normal,DERECHA YA.,adelante + derecha,normal
apagado,detenida,arranca,prender,detenida
adelante,normal,a la derecha,adelante + derecha,normal
apagado,detenida,activate en corto,prender,detenida
prendida,detenida,IZQUIERDA,izquierda,null
adelante,lenta,silla izquierda,adelante + izquierda,lenta
prendida,detenida,llegale para adelante normal,adelante,normal
adelante,lenta,manten velocidad normal ya,adelante,normal
apagado,detenida,prendete ahora,prender,detenida
apagado,detenida,enciende ya,prender,detenida
prendida,detenida,dobla hacia la izquierda mas rapido,izquierda,rapido
prendida,lenta,modo normal ya,null,normal
prendida,detenida,pa enfrente,adelante,null
izquierda,normal,velocidad normal en este momento,izquierda,normal
prendida,detenida,silla apaga??,apagar,detenida
prendida,detenida,apaga ahora??,apagar,detenida
adelante,rapido,con calmA ahOrA,adelante,lenta
prendida,lenta,silla adelante,adelante,null
prendida,detenida,silla adelante,adelante,null
prendida,normal,a velocidad normal de una,null,normal
adelante + derecha,rapido,pa enfrente,adelante,rapido
adelante,lenta,mete mas velocidad,adelante,rapido
prendida,detenida,ve a la derecha,derecha,normal
adelante,rapido,derecha ya.,adelante + derecha,rapido
prendida,detenida,vamos adelante mas rapido,adelante,rapido
adelante,rapido,con mas velocidad ahora,adelante,rapido
apagado,detenida,prendete de una,prender,detenida
adelante,lenta,normal ya,adelante,normal
prendida,rapido,avanza!,adelante,null
prendida,detenida,mas rapido en corto,null,rapido
adelante,normal,A La Izquierda,adelante + izquierda,normal
prendida,rapido,adelante,adelante,null
adelante,lenta,Gira A La Derecha,adelante + derecha,lenta
adelante,rapido,aumenta la velocidad de una,adelante,rapido
prendida,detenida,APAGATE DE UNA,apagar,detenida
prendida,detenida,cierra en friega,apagar,detenida
prendida,detenida,A La Izquierda Lento!,izquierda,lenta
apagado,detenida,inicia en friega,prender,detenida
prendida,detenida,ECHALE PARA ENFRENTE,adelante,null
prendida,detenida,dale adelante,adelante,null
prendida,normal,no tan rapido en corto,null,lenta
apagado,detenida,arranca ahorita,prender,detenida
prendida,detenida,derecho apurate,adelante,rapido
adelante,rapido,IZQUIERDA,adelante + izquierda,rapido
prendida,detenida,arrancate hacia adelante con cuidado,adelante,lenta
prendida,detenida,Muevete Al Frente,adelante,normal
prendida,normal,no tan rapido de una,null,lenta
adelante,rapido,a la izquierda,adelante + izquierda,rapido
adelante,rapido,apurate,adelante,rapido
prendida,detenida,AL FRENTE A VELOCIDAD NORMAL,adelante,normal
prendida,detenida,echale para enfrente despacito,adelante,lenta
adelante,normal,derecha ya,adelante + derecha,normal
prendida,detenida,dUErme!!,apagar,detenida
adelante + izquierda,rapido,VOLTEA A LA DERECHA,adelante,rapido
adelante + izquierda,rapido,derecha ya...,adelante,rapido
apagado,detenida,inicia en corto?,prender,detenida
apagado,detenida,enciende en corto,prender,detenida
prendida,detenida,a la derecha.,derecha,null
prendida,lenta,apurate,null,rapido
adelante,detenida,normAl En friega,adelante,normal
adelante,detenida,derecha ya,adelante + derecha,detenida
prendida,detenida,izquierda ya,izquierda,null
apagado,detenida,arranca ahorita,prender,detenida
adelante + izquierda,lenta,voltea a la derecha,adelante,lenta
prendida,rapido,Modo Normal,null,normal
prendida,detenida,para enfrente mas rapido,adelante,rapido
adelante,lenta,izquierda,adelante + izquierda,lenta
adelante + izquierda,rapido,derecha ya??,adelante,rapido
adelante + derecha,normal,Izquierda,adelante,normal
prendida,detenida,a la izquierda,izquierda,null
adelante,lenta,DESACELERA EN CORTO!,adelante,lenta
apagado,detenida,Prender,prender,detenida
prendida,detenida,silla izquierda,izquierda,null
prendida,detenida,Dale Derecho Mete Velocidad,adelante,rapido
prendida,detenida,cierra ahorita,apagar,detenida
adelante + derecha,rapido,Silla Izquierda,adelante,rapido
izquierda,normal,disminuye la velocidad,izquierda,normal
prendida,detenida,silla derecha,derecha,null
prendida,detenida,para adelante apurate,adelante,rapido
prendida,detenida,muevete haCiA lA dEreCHa mas rapiDo,derecha,rapido
prendida,lenta,mas lento en friega,null,lenta
apagado,detenida,prende de una,prender,detenida
apagado,detenida,Prende En Este Momento,prender,detenida
prendida,detenida,silla adelante,adelante,null
apagado,detenida,prender,prender,detenida
adelante,rapido,a velocidad normal ya,adelante,normal
prendida,detenida,dale adelante,adelante,null
adelante,detenida,a velocidad normal de una,adelante,normal
adelante,normal,Izquierda??,adelante + izquierda,normal
prendida,detenida,Silla Derecha,derecha,null
adelante,normal,izquierda ya,adelante + izquierda,normal
adelante,rapido,a la izquierda,adelante + izquierda,rapido
izquierda,rapido,a velocidad normal ahorita,izquierda,normal
prendida,detenida,desconectate de inmediato,apagar,detenida
adelante,rapido,A LA IZQUIERDA,adelante + izquierda,rapido
adelante,detenida,reduce la velocidad en friega,adelante,lenta
prendida,detenida,dobla a la izquierda,izquierda,normal
prendida,normal,echale para enfrente,adelante,null
prendida,detenida,adelante,adelante,null
prendida,detenida,A LA DERECHA,derecha,null
prendida,detenida,muevete hacia adelante despacio,adelante,lenta
adelante + derecha,lenta,Dale Adelante,adelante,lenta
adelante + izquierda,normal,muevete adelante,adelante,normal
prendida,detenida,avanza con calma,adelante,lenta
adelante,rapido,silla derecha,adelante + derecha,rapido
prendida,detenida,ApaGa En frIeGa,apagar,detenida
adelante,rapido,CON CALMA AHORITA,adelante,lenta
adelante + izquierda,lenta,silla derecha,adelante,lenta
adelante + izquierda,detenida,echale para enfrente,adelante,detenida
adelante,lenta,con calma en friega,adelante,lenta
adelante + izquierda,rapido,dale adelante,adelante,rapido
prendida,lenta,VAMOS ADELANTE,adelante,null
prendida,detenida,pA enFreNTE VelocIdaD noRmal,adelante,normal
adelante,lenta,a la derecha,adelante + derecha,lenta
prendida,detenida,muevete para enfrente mas rapido,adelante,rapido
prendida,detenida,vamos adelante,adelante,null
prendida,detenida,dale adelante mas rapido!!,adelante,rapido
prendida,normal,aumenta la velocidad ya,null,rapido
prendida,detenida,DALE HACIA ADELANTE,adelante,normal
prendida,normal,Despacio...,null,lenta
adelante + izquierda,lenta,muevete adelante,adelante,lenta
apagado,detenida,enciende en este momento,prender,detenida
prendida,rapido,adelante,adelante,null
prendida,detenida,rueda para enfrente con calma,adelante,lenta
prendida,detenida,a la izquierda??,izquierda,null
prendida,rapido,con mas velocidad en corto,null,rapido
prendida,detenida,muevEtE de frente LeNto,adelante,lenta
prendida,detenida,avanza,adelante,null
prendida,detenida,pa' la derecha mas rapido,derecha,rapido
prendida,rapido,METE MAS VELOCIDAD EN CORTO,null,rapido
prendida,detenida,pa enfrente,adelante,null
adelante,rapido,a la derecha,adelante + derecha,rapido
adelante + derecha,lenta,gira a la izquierda,adelante,lenta
apagado,detenida,enciende ya,prender,detenida
prendida,detenida,Sigue De Frente Apurate!,adelante,rapido
adelante,lenta,VOLTEA A LA DERECHA,adelante + derecha,lenta
prendida,detenida,silla apaga,apagar,detenida
adelante,lenta,mas rapido ahorita,adelante,rapido
adelante,lenta,derecha,adelante + derecha,lenta
prendida,detenida,derechA ya,derecha,null
adelante,rapido,mantEn veloCidAd norMal En friega,adelante,normal
adelante + derecha,rapido,adelante,adelante,rapido
prendida,detenida,da vuelta al lado derecho normal,derecha,normal
prendida,detenida,mete turbo??,null,rapido
prendida,detenida,gira a la izquierda modo normal,izquierda,normal
prendida,lenta,para enfrente,adelante,null
adelante,rapido,Silla Izquierda,adelante + izquierda,rapido
prendida,detenida,llegale para adelante normal,adelante,normal
prendida,detenida,echale para enfrente,adelante,null
adelante + derecha,rapido,silla adelante,adelante,rapido
prendida,detenida,continua para adelante con mas velocidad!,adelante,rapido
adelante + derecha,lenta,a la izquierda,adelante,lenta
izquierda,lenta,no tan rapido en friega,izquierda,lenta
prendida,detenida,silla adelante,adelante,null
adelante,normal,izquierda ya,adelante + izquierda,normal
prendida,rapido,acelera en friega!!,null,rapido
adelante + izquierda,normal,avanza,adelante,normal
prendida,rapido,VE DESPACIO AHORITA,null,lenta
adelante,lenta,metE mas velociDad de inmedIAto,adelante,rapido
prendida,lenta,Manten Velocidad Normal En Friega,null,normal
prendida,detenida,avanza,adelante,null
adelante + izquierda,normal,a la derecha,adelante,normal
prendida,detenida,adelantate rapido,adelante,rapido
adelante,lenta,derecha ya,adelante + derecha,lenta
adelante,rapido,a la izquierda!!,adelante + izquierda,rapido
adelante,lenta,DERECHA,adelante + derecha,lenta
prendida,detenida,echale al frente mas rapido,adelante,rapido
adelante,normal,DERECHA YA,adelante + derecha,normal
apagado,detenida,arranca de una,prender,detenida
adelante,lenta,a la izquierda,adelante + izquierda,lenta
prendida,rapido,para enfrente,adelante,null
adelante + izquierda,normal,a la derecha,adelante,normal
adelante,normal,DerecHA ya,adelante + derecha,normal
prendida,detenida,dale al frente,adelante,normal
prendida,detenida,apaga de inmediato,apagar,detenida
prendida,detenida,da vuelta para la derecha lento!!,derecha,lenta
adelante + derecha,detenida,izquierda,adelante,detenida
prendida,detenida,derecha,derecha,null
prendida,detenida,DESCONECTATE AHORA...,apagar,detenida
prendida,detenida,desactivate de una,apagar,detenida
adelante + derecha,normal,gira a la izquierda,adelante,normal
adelante + derecha,normal,a la izquierda!,adelante,normal
prendida,normal,baja a normal,null,normal
adelante + derecha,normal,Izquierda,adelante,normal
prendida,detenida,dale adelante acelera,adelante,rapido
adelante + izquierda,lenta,silla derecha,adelante,lenta
adelante + derecha,lenta,PA ENFRENTE,adelante,lenta
adelante,rapido,derecha ya,adelante + derecha,rapido
prendida,detenida,descansa.,apagar,detenida
adelante + derecha,rapido,Izquierda?,adelante,rapido
prendida,lenta,echale para enfrente,adelante,null
prendida,rapido,muevete adelante...,adelante,null
prendida,detenida,para enfrente,adelante,null
prendida,detenida,continua al frente suavecito,adelante,lenta
prendida,detenida,para adelante con calma,adelante,lenta
prendida,detenida,llegale hacia adelante,adelante,normal
prendida,detenida,derecha ya,derecha,null
adelante,rapido,derecha.,adelante + derecha,rapido
prendida,detenida,ve pa' La iZquIerDa con Calma?,izquierda,lenta
prendida,normal,normal ahorita,null,normal
adelante,lenta,voltea a la izquierda,adelante + izquierda,lenta
adelante,normal,voltea a la derecha!,adelante + derecha,normal
prendida,detenida,vamos adelante rapido.,adelante,rapido
prendida,detenida,Derecho Mas Rapido,adelante,rapido
adelante,lenta,a la derecha,adelante + derecha,lenta
adelante,rapido,silla izquierda,adelante + izquierda,rapido
adelante,normal,gira a la derecha,adelante + derecha,normal
adelante,rapido,a velocidad normal en este momento,adelante,normal
prendida,detenida,a la izquierda,izquierda,null
prendida,detenida,apagate ahora...,apagar,detenida
adelante,normal,derecha ya,adelante + derecha,normal
prendida,detenida,para la izquierda con cuidado,izquierda,lenta
prendida,detenida,continua para adelante apurate,adelante,rapido
adelante,detenida,mete mas velocidad,adelante,rapido
adelante,rapido,a lA izqUIerda,adelante + izquierda,rapido
adelante + izquierda,normal,A LA DERECHA??,adelante,normal
prendida,detenida,desactivate en corto,apagar,detenida
prendida,detenida,adelante,adelante,null
adelante + derecha,lenta,muevete adelante,adelante,lenta
prendida,detenida,rueda para enfrente despacio,adelante,lenta
prendida,detenida,voltea a la derecha??,derecha,null
prendida,detenida,VE PARA LA IZQUIERDA CON CUIDADO,izquierda,lenta
prendida,normal,AUMENTA LA VELOCIDAD EN FRIEGA,null,rapido
adelante,detenida,A VELOCIDAD NORMAL EN ESTE MOMENTO,adelante,normal
izquierda,normal,a velocidad normal ya?,izquierda,normal
prendida,detenida,hacia la derecha mete velocidad,derecha,rapido
prendida,lenta,muevete adelante...,adelante,null
adelante + derecha,rapido,voltea a la izquierda,adelante,rapido
prendida,lenta,bajale la velocidad ahorita??,null,lenta
derecha,detenida,MAS RAPIDO AHORITA,derecha,rapido
prendida,detenida,muevete hacia la derecha lento,derecha,lenta
prendida,detenida,dale derecho,adelante,normal
prendida,detenida,modo normal ahorita...,null,normal
prendida,rapido,pa enfrente,adelante,null
prendida,rapido,normal,null,normal
prendida,detenida,Dale De frenTe normal,adelante,normal
prendida,normal,tranqui,null,lenta
prendida,detenida,apagate ahorita,apagar,detenida
adelante + derecha,normal,izquierda,adelante,normal
adelante + derecha,rapido,adelante,adelante,rapido
prendida,detenida,a la derecha modo normal,derecha,normal
prendida,normal,para enfrente,adelante,null
adelante + derecha,normal,DALE ADELANTE,adelante,normal
prendida,detenida,vamos adelante lenta,adelante,lenta
adelante,rapido,gira a la derecha,adelante + derecha,rapido
prendida,detenida,DALE ADELANTE...,adelante,null
adelante,rapido,desacelera de una?,adelante,lenta
adelante,rapido,silla izquierda,adelante + izquierda,rapido
adelante,normal,silla izquierda,adelante + izquierda,normal
prendida,detenida,REDUCE LA VELOCIDAD EN ESTE MOMENTO,null,lenta
adelante + derecha,rapido,Silla Izquierda,adelante,rapido
adelante + derecha,normal,izquierda ya,adelante,normal
derecha,normal,no tan rapido de una,derecha,lenta
prendida,detenida,Izquierda Ya,izquierda,null
prendida,detenida,Izquierda Ya,izquierda,null
adelante + izquierda,lenta,derecha ya,adelante,lenta
adelante + derecha,rapido,IZQUIERDA,adelante,rapido
prendida,detenida,apaGa La SilLa,apagar,detenida
adelante,lenta,izquierda ya,adelante + izquierda,lenta
prendida,detenida,al frente despacio!,adelante,lenta
prendida,lenta,vamos adelante!,adelante,null
adelante,rapido,a velocidad normal de una,adelante,normal
prendida,detenida,gira a la izquierda,izquierda,null
prendida,normal,NORMAL YA!,null,normal
derecha,rapido,normal en friega,derecha,normal
prendida,normal,vamos adelante,adelante,null
adelante,normal,gira a la derecha,adelante + derecha,normal
prendida,lenta,Dale Adelante...,adelante,null
prendida,detenida,ve hacia la derecha normal,derecha,normal
prendida,detenida,avanza,adelante,null
prendida,detenida,muevete adelante,adelante,null
prendida,detenida,mas lento en este momento,null,lenta
apagado,detenida,inicia en corto,prender,detenida
adelante + izquierda,rapido,derecha ya,adelante,rapido
prendida,lenta,muevete adelante,adelante,null
prendida,detenida,adelante lenta,adelante,lenta
prendida,detenida,muEvete para EnfRente Mas RaPidO,adelante,rapido
apagado,detenida,inicia,prender,detenida
adelante,lenta,DismiNuye la velocidad,adelante,normal
adelante,lenta,izquierda ya,adelante + izquierda,lenta
apagado,detenida,enciende ya,prender,detenida
adelante,normal,Voltea A La Derecha,adelante + derecha,normal
prendida,lenta,ve despacio en corto,null,lenta
prendida,lenta,silla adelante,adelante,null
adelante + derecha,normal,silla izquierda,adelante,normal
prendida,detenida,siLlA dereChA.,derecha,null
prendida,detenida,gira a la izquierda,izquierda,null
prendida,detenida,voltea a la izquierda??,izquierda,null
adelante,lenta,derecha ya,adelante + derecha,lenta
prendida,detenida,dale adelante mas rapido,adelante,rapido
adelante,rapido,derecha ya,adelante + derecha,rapido
adelante,lenta,izquierda ya,adelante + izquierda,lenta
adelante,rapido,subele la velocidad en friega,adelante,rapido
adelante,normal,a la izquierda,adelante + izquierda,normal
adelante + derecha,normal,izquierda,adelante,normal
adelante + derecha,rapido,a la izquierda,adelante,rapido
prendida,detenida,silla adelante,adelante,null
prendida,normal,echale para enfrente?,adelante,null
prendida,detenida,echale para enfrente,adelante,null
adelante + derecha,lenta,voltea a la izquierda!,adelante,lenta
prendida,rapido,mete mas velocidad en este momento!!,null,rapido
prendida,detenida,no tan rapido de una,null,lenta
prendida,lenta,aumenta la velocidad de una,null,rapido
apagado,detenida,enciende la silla,prender,detenida
prendida,detenida,ve hacia adelante!,adelante,normal
prendida,detenida,Aumenta La Velocidad De Inmediato,null,rapido
izquierda,lenta,subele la velocidad?,izquierda,rapido
prendida,detenida,para enfrente,adelante,null
adelante,lenta,silla izquierda,adelante + izquierda,lenta
prendida,detenida,pa' la izquierda a velocidad normal,izquierda,normal
prendida,detenida,para enfRenTe...,adelante,null
prendida,lenta,silla adelante,adelante,null
adelante,normal,derecha ya,adelante + derecha,normal
prendida,normal,subele la velocidad en este momento,null,rapido
prendida,detenida,ve al frente,adelante,normal
adelante,detenida,A Velocidad Normal Ahorita,adelante,normal
adelante,detenida,normal,adelante,normal
adelante,lenta,izquierda ya,adelante + izquierda,lenta
prendida,detenida,derecho mete velocidad!,adelante,rapido
prendida,normal,subele la velocidad ya,null,rapido
adelante + izquierda,rapido,para enfrente,adelante,rapido
prendida,detenida,modo normal,null,normal
prendida,detenida,avanza,adelante,null
adelante + izquierda,rapido,derecha ya??,adelante,rapido
adelante + derecha,lenta,vAmoS adelaNtE,adelante,lenta
prendida,detenida,arrancate para enfrente,adelante,normal
derecha,normal,baja la velocidad,derecha,lenta
prendida,detenida,vamos adelante.,adelante,null
prendida,detenida,sigue derecho mete velocidad,adelante,rapido
adelante + derecha,lenta,adelante,adelante,lenta
prendida,detenida,llegale para enfrente rapido,adelante,rapido
prendida,detenida,llegale hacia adelante,adelante,normal
prendida,detenida,Echale Para Enfrente,adelante,null
prendida,detenida,desconectate de inmediato,apagar,detenida
prendida,detenida,gira a la derecha,derecha,null
derecha,normal,con mas velocidad en este momento,derecha,rapido
prendida,detenida,adelante modo normal,adelante,normal
adelante + izquierda,rapido,para enfrente,adelante,rapido
prendida,detenida,para enfrente modo normal,adelante,normal
prendida,detenida,para enfrente,adelante,null
prendida,detenida,CamIna hacia enfrEnte,adelante,normal
adelante,detenida,DERECHA,adelante + derecha,detenida
adelante,normal,acelera de inmediato,adelante,rapido
izquierda,lenta,acelera en friega,izquierda,rapido
adelante,detenida,normal ya,adelante,normal
prendida,normal,velocidad normal,null,normal
prendida,detenida,no tan rapido en corto,null,lenta
prendida,lenta,aumenta lA velocidaD En frieGa,null,rapido
adelante,rapido,manten velocidad normal ya??,adelante,normal
adelante,normal,voltea a la derecha,adelante + derecha,normal
prendida,detenida,voltea a la izquierda,izquierda,null
apagado,detenida,enciendete,prender,detenida
prendida,lenta,mete mas velocidad,null,rapido
prendida,detenida,silla derecha,derecha,null
prendida,lenta,A Velocidad Normal Ya,null,normal
derecha,detenida,manten velocidad normal ya,derecha,normal
prendida,detenida,dale adelante,adelante,null
adelante + derecha,rapido,izquierda ya,adelante,rapido
prendida,detenida,derecho lento,adelante,lenta
prendida,detenida,desconectate ahora,apagar,detenida
prendida,detenida,RuedA Para Adelante suaveciTo,adelante,lenta
prendida,detenida,Muevete Hacia Adelante Apurate...,adelante,rapido
prendida,normal,aumEnTa La velocIdad yA??,null,rapido
prendida,detenida,a la derecha velocidad normal,derecha,normal
prendida,detenida,gira pa' la derecha??,derecha,normal
prendida,detenida,dale para adelante,adelante,normal
adelante,normal,con mas velocidad de una,adelante,rapido
prendida,detenida,arrancate hacia adelante lento,adelante,lenta
adelante,rapido,derecha ya,adelante + derecha,rapido
adelante,rapido,silla izquierda,adelante + izquierda,rapido
izquierda,rapido,despacito!,izquierda,lenta
prendida,normal,pa enfrente,adelante,null
adelante + izquierda,detenida,derecha ya,adelante,detenida
prendida,detenida,pa enfrente normal,adelante,normal
prendida,detenida,continua derecho tranqui.,adelante,lenta
prendida,detenida,MueVete para enFREnTe cOn CuidAdo,adelante,lenta
prendida,rapido,reduce la velocidad ya,null,lenta
adelante + izquierda,normal,silla derecha.,adelante,normal
prendida,detenida,Apaga De Una,apagar,detenida
prendida,detenida,adelante,adelante,null
prendida,rapido,modo normal??,null,normal
prendida,rapido,con mas velocidad ahora,null,rapido
apagado,detenida,activate en este momento,prender,detenida
adelante + derecha,lenta,silla adelante,adelante,lenta
apagado,detenida,prendete ahora,prender,detenida
prendida,detenida,derecho apurate,adelante,rapido
prendida,detenida,para adelante,adelante,normal
adelante,normal,silla izquierda,adelante + izquierda,normal
prendida,detenida,silla derecha,derecha,null
prendida,detenida,A LA IZQUIERDA,izquierda,null
apagado,detenida,inicia en corto,prender,detenida
prendida,detenida,para adelante a velocidad normal,adelante,normal
adelante,normal,silla derecha...,adelante + derecha,normal
adelante + derecha,normal,muevete adelante,adelante,normal
adelante,rapido,a velocidad normal de una,adelante,normal
adelante + izquierda,normal,GIRA A LA DERECHA,adelante,normal
adelante,rapido,NO TAN RAPIDO EN CORTO,adelante,lenta
adelante + izquierda,normal,silla derecha,adelante,normal
prendida,detenida,silla adelante??,adelante,null
adelante,lenta,a la izquierda,adelante + izquierda,lenta
adelante,lenta,gira a la izquierda,adelante + izquierda,lenta
prendida,lenta,vamos adelante,adelante,null
adelante + izquierda,lenta,derecha ya??,adelante,lenta
prendida,detenida,voltea a la derecha,derecha,null
prendida,lenta,silla adelante,adelante,null
izquierda,rapido,a velocidad normal.,izquierda,normal
adelante + izquierda,lenta,Pa Enfrente,adelante,lenta
prendida,lenta,echale para enfrente,adelante,null
prendida,detenida,dobla a la derecha tranqui,derecha,lenta
prendida,detenida,continua hacia adelante mete velocidad,adelante,rapido
prendida,detenida,desactivate ahora.,apagar,detenida
adelante,rapido,izquierda ya,adelante + izquierda,rapido
prendida,detenida,silla adelante,adelante,null
prendida,lenta,SILLA ADELANTE,adelante,null
adelante,normal,A La Derecha,adelante + derecha,normal
prendida,detenida,avanza mas rapido!!,adelante,rapido
prendida,detenida,VOLTEA AL LADO DERECHO MAS RAPIDO,derecha,rapido
prendida,detenida,manten velocidad normal ya,null,normal
prendida,detenida,apaga ahora,apagar,detenida
prendida,detenida,al frente mete velocidad,adelante,rapido
adelante,rapido,acelera de inmediato,adelante,rapido
adelante,normal,Voltea A La Izquierda,adelante + izquierda,normal
prendida,detenida,adelante,adelante,null
prendida,detenida,apaga la silla,apagar,detenida
adelante + derecha,detenida,izquierda ya,adelante,detenida
adelante,normal,voltea a la izquierda!!,adelante + izquierda,normal
adelante,lenta,SILLA IZQUIERDA,adelante + izquierda,lenta
adelante,rapido,voltea a la derecha,adelante + derecha,rapido
prendida,detenida,DOBLA HACIA LA IZQUIERDA MAS RAPIDO,izquierda,rapido
apagado,detenida,activate en este momento,prender,detenida
prendida,detenida,al frente mas rapido,adelante,rapido
adelante,detenida,manten velocidad normal en friega,adelante,normal
adelante,lenta,a la derecha,adelante + derecha,lenta
apagado,detenida,Enciende Ya,prender,detenida
prendida,rapido,dale adelante,adelante,null
adelante,rapido,Mas Rapido,adelante,rapido
adelante,rapido,ve DespacIo en corto...,adelante,lenta
izquierda,rapido,mas rapido en este momento,izquierda,rapido
adelante,lenta,bajale la velocidad ya,adelante,lenta
prendida,detenida,cierra ahorita,apagar,detenida
adelante,lenta,voltea a la izquierda,adelante + izquierda,lenta
adelante + izquierda,normal,dErecHa,adelante,normal
adelante + izquierda,normal,derecha ya,adelante,normal
derecha,normal,con calma en corto,derecha,lenta
adelante + izquierda,lenta,derecha ya,adelante,lenta
prendida,rapido,echale para enfrente,adelante,null
adelante,rapido,mas rapido en corto,adelante,rapido
prendida,detenida,de frente con mas velocidad,adelante,rapido
adelante,lenta,a la izquierda,adelante + izquierda,lenta
prendida,detenida,izquierda,izquierda,null
prendida,detenida,sigue derecho lento,adelante,lenta
prendida,detenida,arrancate al frente despacito,adelante,lenta
prendida,detenida,hacia la izquierda apurate,izquierda,rapido
prendida,detenida,avAnza,adelante,null
adelante,rapido,izquierda,adelante + izquierda,rapido
adelante,normal,voltea a la dERecha??,adelante + derecha,normal
prendida,detenida,derecha ya,derecha,null
prendida,detenida,gira a la derecha velocidad normal,derecha,normal
prendida,rapido,bajale la velocidad ya,null,lenta
prendida,rapido,con mas velocidad ahorita??,null,rapido
apagado,detenida,enciende,prender,detenida
prendida,detenida,voltea a la derecha,derecha,null
adelante + derecha,detenida,echale para enfrente?,adelante,detenida
adelante + derecha,lenta,silla izquierda,adelante,lenta
prendida,detenida,apaga de una,apagar,detenida
prendida,detenida,rueda para adelante con calma,adelante,lenta
prendida,lenta,ve despacio en este momento,null,lenta
adelante,lenta,izquIerda ya,adelante + izquierda,lenta
adelante,normal,derecha,adelante + derecha,normal
adelante,lenta,silla derecha,adelante + derecha,lenta
adelante,lenta,aumenta la velocidad en corto,adelante,rapido
prendida,lenta,modo normal ahora,null,normal
adelante + derecha,normal,silla izquierda,adelante,normal
prendida,detenida,Acelera En Friega...,null,rapido
prendida,detenida,muevete adelante,adelante,null
prendida,detenida,rueda al frente suavecito,adelante,lenta
adelante + derecha,lenta,voltea a la izquierda,adelante,lenta
prendida,detenida,apaga de una,apagar,detenida
izquierda,rapido,modo normal ahorita,izquierda,normal
derecha,lenta,subele la velocidad,derecha,rapido
prendida,detenida,apagate de una,apagar,detenida
prendida,rapido,manten velocidad normal ahora,null,normal
prendida,detenida,ve al frente despacio...,adelante,lenta
adelante + izquierda,rapido,voltea a la derecha!,adelante,rapido
prendida,detenida,muevete de frente lento,adelante,lenta
prendida,lenta,pa enfrente,adelante,null
prendida,rapido,Avanza,adelante,null
prendida,detenida,muevete de frente normal,adelante,normal
apagado,detenida,prendete ahorita,prender,detenida
apagado,detenida,arranca de una,prender,detenida
adelante,normal,gira a la izquierda!,adelante + izquierda,normal
prendida,detenida,desconectate en corto,apagar,detenida
adelante,detenida,A Velocidad Normal En Este Momento??,adelante,normal
prendida,detenida,al lado derecho con cuidado,derecha,lenta
adelante + izquierda,lenta,gira a la derecha,adelante,lenta
adelante,detenida,bajale la velocidad de una.,adelante,lenta
prendida,detenida,avanza con calma,adelante,lenta
prendida,detenida,silla adelante,adelante,null
apagado,detenida,enciende en este momento,prender,detenida
adelante + derecha,rapido,avanza,adelante,rapido
prendida,detenida,izquierda,izquierda,null
adelante + derecha,rapido,Echale Para Enfrente,adelante,rapido
adelante,lenta,acelera,adelante,rapido
adelante,lenta,velocidad normal en este momento,adelante,normal
apagado,detenida,activate de una,prender,detenida
adelante + derecha,detenida,avanza,adelante,detenida
apagado,detenida,activate en corto,prender,detenida
prendida,detenida,silla adelante,adelante,null
adelante + izquierda,lenta,echale para enfrente,adelante,lenta
prendida,detenida,echale para enfrente,adelante,normal
izquierda,rapido,normal ahorita,izquierda,normal
prendida,rapido,aumenta la velocidad de una?,null,rapido
adelante,lenta,subele la velocidad en este momento,adelante,rapido
prendida,detenida,ECHALE PARA ENFRENTE,adelante,null
prendida,detenida,de frente con mas velocidad,adelante,rapido
derecha,lenta,aumenta la velocidad de una,derecha,rapido
adelante,normal,gira a la izquierda,adelante + izquierda,normal
apagado,detenida,enciendete,prender,detenida
adelante,rapido,baja a normal,adelante,normal
prendida,detenida,desconectate ahora,apagar,detenida
adelante + derecha,lenta,pa enfrente...,adelante,lenta
prendida,detenida,pa enfrente,adelante,null
adelante,rapido,gira a la izquierda.,adelante + izquierda,rapido
prendida,detenida,Continua Al Frente Despacito,adelante,lenta
adelante,normal,izquierda,adelante + izquierda,normal
prendida,detenida,PA' LA DERECHA A VELOCIDAD NORMAL,derecha,normal
adelante,lenta,DERECHA...,adelante + derecha,lenta
adelante,lenta,Voltea A La Izquierda!!,adelante + izquierda,lenta
apagado,detenida,prendete de una,prender,detenida
apagado,detenida,prende la silla,prender,detenida
adelante,lenta,Suavecito,adelante,lenta
prendida,detenida,izquierda despacio,izquierda,lenta
izquierda,rapido,A VELOCIDAD NORMAL YA!!,izquierda,normal
adelante,lenta,con mas velocidad,adelante,rapido
adelante + izquierda,normal,adelante,adelante,normal
prendida,detenida,a la izquierda.,izquierda,null
prendida,detenida,voltea a la izquierda,izquierda,null
prendida,normal,velocidad normal en este momento,null,normal
prendida,detenida,apagate ya,apagar,detenida
adelante + izquierda,lenta,derecha,adelante,lenta
adelante + derecha,lenta,vamos adelante,adelante,lenta
adelante + izquierda,lenta,silla derecha,adelante,lenta
prendida,detenida,apaga ahora!,apagar,detenida
prendida,detenida,VAMOS ADELANTE?,adelante,null
prendida,detenida,dA vuElta hacia la izQuiErda,izquierda,normal
adelante + derecha,rapido,silla adelante,adelante,rapido
prendida,detenida,RUEDA HACIA ADELANTE NORMAL,adelante,normal
prendida,detenida,Ve Derecho Con Cuidado,adelante,lenta
adelante,normal,IZQUIERDA,adelante + izquierda,normal
apagado,detenida,prendete ahorita,prender,detenida
adelante + derecha,lenta,adELAnTE,adelante,lenta
prendida,detenida,apagate ya,apagar,detenida
prendida,detenida,Gira Pa' La Derecha Mas Rapido,derecha,rapido
prendida,detenida,a la derecha lenta,derecha,lenta
apagado,detenida,prendete rapido,prender,detenida
adelante,normal,GIRA A LA DERECHA,adelante + derecha,normal
adelante + derecha,lenta,PARA ENFRENTE,adelante,lenta
adelante,normal,silla derecha,adelante + derecha,normal
prendida,detenida,aumentA la veLoCIDad ahorIta,null,rapido
adelante,lenta,voltea a la derecha!,adelante + derecha,lenta
izquierda,detenida,coN cAlma ahOritA,izquierda,lenta
izquierda,normal,reduce la velocidad en corto,izquierda,lenta
adelante,normal,aumenta la velocidad ya,adelante,rapido
prendida,detenida,avanza,adelante,null
adelante,normal,voltea a la derecha.,adelante + derecha,normal
prendida,detenida,APAGATE AHORA,apagar,detenida
izquierda,normal,reduce la velocidad ahora,izquierda,lenta
prendida,detenida,llegale al frente tranqui,adelante,lenta
prendida,detenida,desactivate en corto,apagar,detenida
prendida,detenida,voltea a la izquierda,izquierda,null
apagado,detenida,inicia,prender,detenida
prendida,detenida,Al Lado Derecho,derecha,normal
adelante,normal,izquierda,adelante + izquierda,normal
prendida,detenida,RUEDA PARA ENFRENTE MAS RAPIDO.,adelante,rapido
prendida,rapido,moDo norMal,null,normal
adelante,rapido,gira A la deRecHA!!,adelante + derecha,rapido
adelante + derecha,normal,izquierda ya,adelante,normal
adelante + derecha,lenta,pa enfrente,adelante,lenta
prendida,detenida,echale hacia adelante con calma,adelante,lenta
adelante + derecha,lenta,IZQUIERDA YA,adelante,lenta
apagado,detenida,prende ahora,prender,detenida
prendida,detenida,dale adelante!!,adelante,null
prendida,detenida,Gira Para La Derecha Despacito,derecha,lenta
prendida,lenta,para enfrente,adelante,null
prendida,rapido,mas lento En eSte mOmEnto,null,lenta
prendida,detenida,PA ENFRENTE,adelante,null
prendida,detenida,Vamos Adelante!!,adelante,null
prendida,rapido,dale adelante,adelante,null
adelante + izquierda,normal,adelante,adelante,normal
adelante + derecha,normal,para enfrente,adelante,normal
adelante,lenta,con mas velocidad,adelante,rapido
prendida,detenida,Dale Adelante,adelante,null
prendida,detenida,a la derecha apurate,derecha,rapido
prendida,lenta,PARA ENFRENTE,adelante,null
prendida,detenida,sigue de frente con mas velocidad,adelante,rapido
adelante,rapido,desacelera en corto!,adelante,lenta
adelante,rapido,voltea a la izquierda??,adelante + izquierda,rapido
prendida,normal,dale adelante,adelante,null
prendida,detenida,cierra ahora,apagar,detenida
adelante + derecha,lenta,izquierda,adelante,lenta
prendida,detenida,Pa Enfrente,adelante,null
prendida,rapido,ve despacio en corto,null,lenta
prendida,lenta,aumenta la velocidad ya,null,rapido
adelante,lenta,VOLTEA A LA IZQUIERDA??,adelante + izquierda,lenta
adelante,normal,normal ya,adelante,normal
adelante,lenta,gira a la izquierda...,adelante + izquierda,lenta
prendida,detenida,hacia la derecha con mas velocidad,derecha,rapido
adelante,detenida,suavecito?,adelante,lenta
adelante,rapido,silla izquierda,adelante + izquierda,rapido
prendida,detenida,CONTINUA PARA ADELANTE,adelante,normal
prendida,normal,vamos adelante,adelante,null
adelante,rapido,derecha,adelante + derecha,rapido
prendida,lenta,Bajale La Velocidad Ahorita...,null,lenta
prendida,detenida,aumenta la velocidad en friega?,null,rapido
adelante + izquierda,detenida,dErEcha,adelante,detenida
adelante,rapido,SILLA DERECHA?,adelante + derecha,rapido
prendida,detenida,echale para enfrente,adelante,null
adelante + izquierda,rapido,pa enfrente,adelante,rapido
adelante + derecha,rapido,Voltea A La Izquierda,adelante,rapido
prendida,detenida,para la izquierda con mas velocidad,izquierda,rapido
adelante + izquierda,normal,voltea a la derecha,adelante,normal
adelante + derecha,normal,izquierda ya,adelante,normal
prendida,detenida,Muevete Adelante,adelante,null
prendida,detenida,arrancate para adelante,adelante,normal
prendida,detenida,apaga la silla?,apagar,detenida
prendida,detenida,voltea a la izquierda a velocidad normal,izquierda,normal
prendida,detenida,RUEDA PARA ENFRENTE DESPACIO!!,adelante,lenta
adelante,rapido,derecha,adelante + derecha,rapido
prendida,detenida,vamos adelante,adelante,null
prendida,detenida,Rueda Hacia Adelante Tranqui,adelante,lenta
adelante + derecha,normal,avanza!,adelante,normal
prendida,normal,Mas Rapido De Una...,null,rapido
adelante,lenta,modo normal ya,adelante,normal
prendida,detenida,muevete para enfrente con cuidado,adelante,lenta
prendida,detenida,gira a la izquierda,izquierda,null
prendida,lenta,a velocidad normal.,null,normal
prendida,detenida,continua para adelante,adelante,normal
prendida,detenida,echale para enfrente,adelante,normal
prendida,detenida,silla derecha,derecha,null
adelante,normal,izquierda ya...,adelante + izquierda,normal
adelante,normal,bAjA a normaL,adelante,normal
adelante + derecha,lenta,voltea a la izquierda,adelante,lenta
prendida,detenida,Gira Al Lado Derecho Con Calma...,derecha,lenta
derecha,detenida,aumenta la velocidad en este momento??,derecha,rapido
prendida,detenida,echale derecho a velocidad normal?,adelante,normal
adelante + derecha,rapido,izquierda ya,adelante,rapido
prendida,normal,vamos adelante,adelante,null
prendida,detenida,aumenta la velocidad en corto,null,rapido
adelante,lenta,giRa a la DereCHa,adelante + derecha,lenta
apagado,detenida,Activate De Una,prender,detenida
prendida,rapido,para enfrente,adelante,null
adelante,lenta,con mas velocidad en este momento,adelante,rapido
adelante,rapido,SUBELE LA VELOCIDAD EN FRIEGA,adelante,rapido
adelante + izquierda,lenta,gira a la derecha,adelante,lenta
prendida,detenida,continua al frente apurate,adelante,rapido
prendida,detenida,mueveTe HacIa adeLaNte,adelante,normal
adelante + derecha,lenta,PA ENFRENTE,adelante,lenta
adelante,normal,mete mas velocidad en corto??,adelante,rapido
prendida,detenida,Avanza,adelante,null
prendida,normal,no tan rapido de inmediato!,null,lenta
adelante + derecha,lenta,izQuIerda ya,adelante,lenta
adelante + izquierda,normal,derecha ya!!,adelante,normal
adelante,detenida,subele la velocidad en corto,adelante,rapido
adelante + derecha,lenta,a la Izquierda,adelante,lenta
prendida,detenida,gira a la izquierda,izquierda,null
prendida,detenida,llegale al frente mas rapido,adelante,rapido
adelante + izquierda,rapido,avanza,adelante,rapido
derecha,detenida,velocidad normal,derecha,normal
prendida,detenida,rueda para adelante con cuidado,adelante,lenta
prendida,detenida,rueda hacia adelante rapido...,adelante,rapido
prendida,detenida,da vuelta a la izquierda,izquierda,normal
adelante,normal,subele la velocidad ya,adelante,rapido
derecha,lenta,reduce la velocidad ya,derecha,lenta
adelante + derecha,normal,voltea a la izquierda,adelante,normal
prendida,lenta,EcHale para enfrenTE?,adelante,null
adelante,lenta,voltea a la izquierda,adelante + izquierda,lenta
adelante + izquierda,detenida,voltea a la derecha,adelante,detenida
adelante + derecha,normal,dale adelante,adelante,normal
adelante + derecha,lenta,echale para enfrente,adelante,lenta
adelante + derecha,lenta,a la izquierda,adelante,lenta
prendida,detenida,da vuelta al lado izquierdo mete velocidad,izquierda,rapido
prendida,detenida,avanza,adelante,null
adelante,rapido,izquierda,adelante + izquierda,rapido
prendida,detenida,subele la velocidad ahorita,null,rapido
prendida,detenida,Continua Hacia Adelante,adelante,normal
prendida,detenida,adelantate normal.,adelante,normal
prendida,normal,tranqui...,null,lenta
adelante + izquierda,lenta,echale para enfrente,adelante,lenta
adelante,detenida,mas rapido,adelante,rapido
prendida,rapido,PA ENFRENTE,adelante,null
adelante + derecha,normal,a la izquierda,adelante,normal
adelante,lenta,a la izquierda,adelante + izquierda,lenta
adelante,rapido,A LA IZQUIERDA,adelante + izquierda,rapido
adelante,rapido,a la derecha,adelante + derecha,rapido
prendida,detenida,continua derecho mas rapido?,adelante,rapido
prendida,detenida,apaga la silla?,apagar,detenida
prendida,detenida,voltea pa' la izquierda,izquierda,normal
prendida,rapido,no tan rapido de inmediato,null,lenta
prendida,detenida,voltea al lado izquierdo mete velocidad!!,izquierda,rapido
prendida,detenida,vamos adelante,adelante,null
adelante,rapido,tranqui??,adelante,lenta
adelante,normal,izquierda.,adelante + izquierda,normal
prendida,detenida,muevete adelante!,adelante,null
prendida,rapido,manten velocidad normal ya.,null,normal
adelante,lenta,gira a la izquierda,adelante + izquierda,lenta
adelante,rapido,izquierda...,adelante + izquierda,rapido
adelante,rapido,izquierda,adelante + izquierda,rapido
adelante,detenida,baja a normal,adelante,normal
prendida,rapido,normal,null,normal
adelante,rapido,gira a la derecha,adelante + derecha,rapido
adelante + derecha,normal,silla izquierda,adelante,normal
prendida,normal,mete mas velocIdad ya,null,rapido
adelante + izquierda,normal,A lA derecHa,adelante,normal
adelante,lenta,voltea a la derecha,adelante + derecha,lenta
prendida,detenida,silla izquierda,izquierda,null
prendida,detenida,dale adelante velocidad normal.,adelante,normal
apagado,detenida,ENCIENDETE AHORITA,prender,detenida
prendida,lenta,aumenta la velocidad de una,null,rapido
prendida,lenta,con calma de una,null,lenta
apagado,detenida,activate en corto??,prender,detenida
derecha,normal,a velocidad normal ya,derecha,normal
adelante,normal,velocidad normal en este momento.,adelante,normal
prendida,detenida,para enfrente,adelante,null
derecha,normal,mete mas velocidad en este momento,derecha,rapido
prendida,rapido,MANTEN VELOCIDAD NORMAL AHORITA,null,normal
adelante,normal,bajale la velocidad de inmediato,adelante,lenta
apagado,detenida,prendete ahorita,prender,detenida
adelante,lenta,Gira A La Izquierda!,adelante + izquierda,lenta
adelante + derecha,rapido,gira a la izquierda,adelante,rapido
prendida,detenida,Desconectate En Corto,apagar,detenida
prendida,detenida,apagate,apagar,detenida
prendida,detenida,Apagate,apagar,detenida
prendida,normal,lenta,null,lenta
prendida,normal,ECHALE PARA ENFRENTE,adelante,null
adelante + izquierda,rapido,derecha ya,adelante,rapido
prendida,rapido,MeTe velOCiDAd,null,rapido
prendida,rapido,con maS VELocidAd ahoRa,null,rapido
prendida,detenida,VAMOS ADELANTE,adelante,null
prendida,detenida,arrancate para adelante con mas velocidad,adelante,rapido
prendida,lenta,Mas Lento En Friega,null,lenta
prendida,detenida,vamos adelante.,adelante,null
adelante + izquierda,lenta,VOLTEA A LA DERECHA,adelante,lenta
prendida,detenida,rueda hacia adelante apurate,adelante,rapido
prendida,detenida,izquierda ya.,izquierda,null
prendida,detenida,adelantE leNta,adelante,lenta
prendida,detenida,muevete hacia adelante apurate,adelante,rapido
adelante + izquierda,rapido,DereCha ya,adelante,rapido
prendida,detenida,a la IzquIeRdA,izquierda,null
apagado,detenida,iniciA En FrIega...,prender,detenida
prendida,detenida,IZQUIERDA YA,izquierda,null
izquierda,lenta,aumenta la velocidad en este momento,izquierda,rapido
adelante + izquierda,lenta,a la derecha!,adelante,lenta
adelante,normal,derecha,adelante + derecha,normal
adelante,normal,derecha ya...,adelante + derecha,normal
adelante,rapido,a la derecha,adelante + derecha,rapido
prendida,detenida,voltea a la derecha,derecha,null
adelante + derecha,normal,a la izQuiErda,adelante,normal
adelante,normal,mas lento ya.,adelante,lenta
prendida,detenida,aVAnzA,adelante,normal
adelante,normal,derecha,adelante + derecha,normal
adelante + derecha,rapido,para enfrente,adelante,rapido
prendida,lenta,muevete adelante,adelante,null
prendida,rapido,dale adelante,adelante,null
prendida,lenta,Normal En Friega,null,normal
adelante,detenida,ve despacio de inmediato,adelante,lenta
izquierda,normal,reduce la velocidad en este momento,izquierda,lenta
adelante,normal,gira a la derecha.,adelante + derecha,normal
prendida,detenida,da vuelta al lado izquierdo con cuidado!!,izquierda,lenta
prendida,detenida,pa enfrente velocidad normal,adelante,normal
prendida,detenida,Ve para enfRente con mas velocIdad,adelante,rapido
apagado,detenida,enciende,prender,detenida
prendida,lenta,Normal,null,normal
adelante,detenida,mete mas velocidad en este momento,adelante,rapido
prendida,detenida,sigue derecho despacio,adelante,lenta
adelante,lenta,a la izquierda.,adelante + izquierda,lenta
adelante,lenta,Silla Derecha,adelante + derecha,lenta
prendida,detenida,suavecito,null,lenta
prendida,rapido,mas lento,null,lenta
prendida,detenida,muevete para adelante rapido?,adelante,rapido
prendida,detenida,apagate de una,apagar,detenida
prendida,detenida,pa enfrente,adelante,null
prendida,detenida,muevete adelante,adelante,null
adelante + izquierda,lenta,dale adelante?,adelante,lenta
prendida,detenida,voltea a la izquierda,izquierda,null
prendida,detenida,Llegale Al Frente Con Mas Velocidad,adelante,rapido
prendida,detenida,no tan rapido en friega,null,lenta
prendida,lenta,Normal Ya!!,null,normal
adelante + izquierda,normal,adelante,adelante,normal
apagado,detenida,prende,prender,detenida
prendida,normal,modo normal ahora,null,normal
adelante,detenida,Lenta,adelante,lenta
prendida,normal,A Velocidad Normal...,null,normal
apagado,detenida,Arranca En Corto,prender,detenida
prendida,detenida,DEsconECtate aHora,apagar,detenida
prendida,detenida,dale adelante,adelante,null
prendida,detenida,muevete de frente normal,adelante,normal
prendida,detenida,muevete adelante,adelante,null
izquierda,lenta,despacito,izquierda,lenta
adelante + izquierda,lenta,silla derecha,adelante,lenta
prendida,detenida,voltea a la izquierda,izquierda,null
prendida,detenida,hacia la derecha suavecito,derecha,lenta
prendida,detenida,Adelante Velocidad Normal,adelante,normal
adelante,normal,Voltea A La Izquierda,adelante + izquierda,normal
prendida,detenida,para enfrente con cuidado,adelante,lenta
izquierda,detenida,manten velocidad normal ya,izquierda,normal
adelante + izquierda,rapido,deRecha,adelante,rapido
prendida,detenida,izquierda!,izquierda,null
adelante,rapido,voltea a la izquierda!!,adelante + izquierda,rapido
prendida,detenida,voltea a la derecha?,derecha,null
prendida,lenta,aumenta la velocidad ya,null,rapido
adelante,lenta,Tranqui,adelante,lenta
prendida,detenida,pa' la izquierda con mas velocidad?,izquierda,rapido
adelante + izquierda,normal,voltea a la derecha,adelante,normal
adelante,normal,izquierda,adelante + izquierda,normal
derecha,lenta,manten velocidad normal ahorita,derecha,normal
adelante,lenta,no tan rapido en friega!,adelante,lenta
prendida,detenida,voltea hacia la izquierda con mas velocidad,izquierda,rapido
prendida,rapido,aumenta la velocidad de inmediato??,null,rapido
izquierda,lenta,subele la velocidad ya?,izquierda,rapido
prendida,detenida,izquierda ya,izquierda,null
apagado,detenida,prende,prender,detenida
apagado,detenida,inicia en corto,prender,detenida
adelante + derecha,normal,voltea a la izquierda!,adelante,normal
prendida,rapido,velocidad normal en este momento,null,normal
prendida,detenida,pa enfrente lenta,adelante,lenta
adelante + derecha,detenida,izquierda ya,adelante,detenida
apagado,detenida,eNCiEndete,prender,detenida
prendida,detenida,avanza despacito,adelante,lenta
prendida,lenta,Lento,null,lenta
apagado,detenida,prende ahorita,prender,detenida
apagado,detenida,activate de una!!,prender,detenida
prendida,detenida,apaga,apagar,detenida
izquierda,rapido,mas lento en este momento,izquierda,lenta
prendida,rapido,Dale Adelante,adelante,null
adelante,normal,silla izquierda,adelante + izquierda,normal
adelante,rapido,izquierda ya,adelante + izquierda,rapido
prendida,detenida,Derecha Ya,derecha,null
adelante,rapido,Aumenta La Velocidad En Friega,adelante,rapido
adelante + derecha,lenta,voltea a la izquierda,adelante,lenta
adelante,rapido,gira a la izquierda,adelante + izquierda,rapido
prendida,detenida,muevete adelante,adelante,null
prendida,detenida,desactivate en corto,apagar,detenida
prendida,lenta,ve despacio en corto,null,lenta
adelante + izquierda,rapido,echale para enfrente...,adelante,rapido
adelante + izquierda,lenta,derecha ya,adelante,lenta
adelante + derecha,normal,izquierda ya,adelante,normal
adelante + izquierda,rapido,echale para enfrente,adelante,rapido
prendida,detenida,pa enfrente modo normal,adelante,normal
adelante,detenida,reduce la velocidad en corto.,adelante,lenta
adelante,rapido,Derecha Ya,adelante + derecha,rapido
prendida,detenida,acelera de inmediato,null,rapido
adelante + derecha,rapido,izquierda,adelante,rapido
prendida,detenida,silla izquierda,izquierda,null
apagado,detenida,enciende en corto,prender,detenida
adelante,rapido,silla izquierda,adelante + izquierda,rapido
prendida,detenida,Echale Para Enfrente,adelante,null
adelante,rapido,izquierda.,adelante + izquierda,rapido
adelante,rapido,silla derecha,adelante + derecha,rapido
adelante,detenida,izquierda,adelante + izquierda,detenida
adelante,lenta,reduce velocidad.,adelante,lenta
adelante + derecha,normal,izquierda ya...,adelante,normal
adelante,lenta,izquierda,adelante + izquierda,lenta
prendida,rapido,normal!,null,normal
adelante + derecha,detenida,gira a la izquierda,adelante,detenida
adelante + izquierda,lenta,derecha,adelante,lenta
apagado,detenida,arranca ahorita,prender,detenida
adelante + derecha,rapido,a la izquierda,adelante,rapido
adelante + derecha,normal,ADELANTE,adelante,normal
prendida,detenida,avanza?,adelante,null
apagado,detenida,prende en este momento,prender,detenida
adelante + derecha,normal,izquierda ya,adelante,normal
prendida,detenida,SIGUE DE FRENTE MAS RAPIDO,adelante,rapido
adelante,rapido,DeRecha ya,adelante + derecha,rapido
prendida,normal,acelera,null,rapido
prendida,detenida,dobla a la derecha mas rapido,derecha,rapido
adelante,lenta,Acelera En Friega,adelante,rapido
prendida,detenida,pa enfrente,adelante,null
prendida,detenida,Derecha Ya,derecha,null
prendida,detenida,para enfrente tranqui,adelante,lenta
prendida,detenida,apaga dE inmediato,apagar,detenida
adelante + derecha,lenta,izquierda ya,adelante,lenta
prendida,detenida,pa' la derecha con cuidado,derecha,lenta
prendida,normal,vamoS AdelAnte,adelante,null
prendida,detenida,DescOnectate de InmeDiAto,apagar,detenida
adelante,rapido,gira a la derecha,adelante + derecha,rapido
prendida,detenida,avanza,adelante,null
adelante,rapido,izquierda,adelante + izquierda,rapido
adelante + derecha,normal,daLe adeLAnte,adelante,normal
adelante + derecha,lenta,gira a la izquierda,adelante,lenta
adelante,rapido,Mas Lento De Una,adelante,lenta
adelante,rapido,a la izquierda,adelante + izquierda,rapido
prendida,detenida,para enfrente!,adelante,null
prendida,detenida,para enfrente despacio,adelante,lenta
adelante + derecha,normal,dale adelante,adelante,normal
prendida,detenida,voltea a la derecha,derecha,null
adelante + izquierda,normal,derecha,adelante,normal
apagado,detenida,silla prende,prender,detenida
prendida,detenida,echaLe pArA EnfreNte,adelante,null
prendida,detenida,a la derecha,derecha,null
prendida,lenta,no tan rapido en este momento...,null,lenta
prendida,lenta,Dale Adelante,adelante,null
adelante,normal,derecha,adelante + derecha,normal
prendida,detenida,PAra enfrEnTe!,adelante,null
prendida,detenida,dobla a la izquierda despacito,izquierda,lenta
izquierda,normal,velocidad normal en friega,izquierda,normal
adelante,rapido,derecha ya,adelante + derecha,rapido
adelante,rapido,izquierda!,adelante + izquierda,rapido
adelante,detenida,derecha ya,adelante + derecha,detenida
prendida,detenida,gira al lado izquierdo con mas velocidad,izquierda,rapido
adelante + izquierda,rapido,DERECHA YA,adelante,rapido
prendida,normal,mete mas velocidad en friega,null,rapido
prendida,rapido,Aumenta La Velocidad Ya?,null,rapido
adelante,normal,derecha ya,adelante + derecha,normal
prendida,detenida,a la derecha,derecha,null
adelante + izquierda,normal,gira a la derecha,adelante,normal
prendida,normal,vamos adelante,adelante,null
prendida,detenida,Llegale Hacia Adelante Apurate,adelante,rapido
prendida,detenida,arrancate para adelante normal,adelante,normal
adelante,rapido,IZQUIERDA YA,adelante + izquierda,rapido
derecha,rapido,subele la velocidad,derecha,rapido
prendida,detenida,AVANZA LENTO,adelante,lenta
adelante,rapido,con calma de inmediato??,adelante,lenta
prendida,detenida,subele la velocidad de una,null,rapido
prendida,detenida,adelante,adelante,null
adelante,normal,reduce la velocidad,adelante,lenta
prendida,detenida,para enfrente!!,adelante,null
adelante,rapido,gira a la derecha,adelante + derecha,rapido
adelante,normal,a la derecha,adelante + derecha,normal
prendida,detenida,desactivate en corto,apagar,detenida
adelante + derecha,normal,izQuiERda!!,adelante,normal
prendida,detenida,adelante velocidad normal!,adelante,normal
adelante + izquierda,normal,avanza,adelante,normal
prendida,detenida,MODO NORMAL AHORITA!,null,normal
adelante,normal,voltea a la izquierda,adelante + izquierda,normal
apagado,detenida,prende La sIlla,prender,detenida
prendida,detenida,ve para la izquierda a velocidad normal,izquierda,normal
adelante + izquierda,rapido,voltea a la derecha,adelante,rapido
prendida,detenida,voltea a la izquierda,izquierda,null
adelante,lenta,derecha ya,adelante + derecha,lenta
prendida,detenida,izquierda,izquierda,null
adelante,lenta,GIRA A LA DERECHA,adelante + derecha,lenta
prendida,detenida,dale de frente normal.,adelante,normal
derecha,lenta,baja a normal,derecha,normal
adelante,rapido,izquierda ya.,adelante + izquierda,rapido
prendida,detenida,mete mas velocidad de inmediato,null,rapido
prendida,detenida,MUEVETE ADELANTE,adelante,null
prendida,rapido,adelante??,adelante,null
apagado,detenida,enciendete,prender,detenida
prendida,detenida,apaga de inmediato,apagar,detenida
adelante,rapido,a la derecha,adelante + derecha,rapido
prendida,rapido,ECHALE PARA ENFRENTE??,adelante,null
apagado,detenida,Activate En Corto...,prender,detenida
adelante,normal,voltea a la derecha,adelante + derecha,normal
prendida,normal,adelante,adelante,null
adelante,lenta,AUMENTA LA VELOCIDAD DE UNA??,adelante,rapido
adelante,rapido,voltea a la izquierda,adelante + izquierda,rapido
apagado,detenida,prendete rapido,prender,detenida
adelante,lenta,voltea a la izquierda,adelante + izquierda,lenta
prendida,detenida,silla adelante,adelante,null
adelante,rapido,subele la velocidad en corto,adelante,rapido
prendida,lenta,suavecito,null,lenta
izquierda,lenta,no tan rapido en corto,izquierda,lenta
prendida,detenida,para la izquierda con mas velocidad,izquierda,rapido
adelante,normal,silla izquierda,adelante + izquierda,normal
prendida,detenida,muevete de frente normal,adelante,normal
prendida,detenida,pa enfrente,adelante,null
prendida,detenida,Dale Derecho Mete Velocidad,adelante,rapido
prendida,normal,adelante,adelante,null
prendida,detenida,echale para adelante apurate?,adelante,rapido
adelante,normal,derecha ya??,adelante + derecha,normal
derecha,detenida,a velocidad normal en este momento,derecha,normal
adelante,normal,voltea a la derecha.,adelante + derecha,normal
prendida,detenida,dale adelante,adelante,null
prendida,detenida,pa enfrente velocidad normal,adelante,normal
prendida,lenta,PARA ENFRENTE,adelante,null
prendida,detenida,adelantate apurate??,adelante,rapido
prendida,detenida,rueda hacia adelante con cuidado,adelante,lenta
prendida,normal,modo normal ahorita.,null,normal
prendida,detenida,Derecho Rapido??,adelante,rapido
adelante + izquierda,rapido,Dale Adelante,adelante,rapido
adelante,normal,Gira A La Izquierda,adelante + izquierda,normal
apagado,detenida,activate,prender,detenida
prendida,normal,acelera de una,null,rapido
adelante,lenta,derecha ya!,adelante + derecha,lenta
prendida,detenida,continua hacia adelante.,adelante,normal
adelante,lenta,aumenta la velocidad ya,adelante,rapido
prendida,rapido,PARA ENFRENTE!!,adelante,null
adelante,rapido,bajale la velocidad,adelante,lenta
izquierda,detenida,mas lento en este momento,izquierda,lenta
prendida,detenida,continUa aL Frente LentO,adelante,lenta
prendida,detenida,Gira A La Izquierda?,izquierda,null
adelante,rapido,silla izquierda,adelante + izquierda,rapido
adelante + izquierda,lenta,gira a la derecha,adelante,lenta
adelante,normal,a la izquierda.,adelante + izquierda,normal
prendida,detenida,adelante despacio,adelante,lenta
prendida,lenta,ve despacio de inmediato.,null,lenta
prendida,detenida,Silla Adelante,adelante,null
prendida,rapido,aumenta la velocidad ya,null,rapido
adelante,rapido,con mas velocidad ya,adelante,rapido
prendida,detenida,hacia adelante apurate,adelante,rapido
prendida,detenida,silla apagate,apagar,detenida
adelante,rapido,no tan rapido en este momento,adelante,lenta
adelante + izquierda,lenta,a la derecha,adelante,lenta
adelante + izquierda,detenida,voltea a la derecha,adelante,detenida
adelante,lenta,GIRA A LA DERECHA,adelante + derecha,lenta
adelante + derecha,lenta,voltea a la izquierda,adelante,lenta
prendida,detenida,a la derecha,derecha,null
adelante + izquierda,lenta,muevete adelante!,adelante,lenta
adelante,rapido,izquierda ya,adelante + izquierda,rapido
prendida,detenida,continua para adelante normal?,adelante,normal
derecha,lenta,tranqui,derecha,lenta
adelante,normal,normal,adelante,normal
prendida,detenida,dale Derecho mETe VeLOcidAd,adelante,rapido
prendida,detenida,apaga la silla,apagar,detenida
prendida,normal,Dale Adelante,adelante,null
adelante,lenta,subele la velocidad en friega??,adelante,rapido
prendida,detenida,para enfrente,adelante,normal
prendida,detenida,Hacia Adelante,adelante,normal
adelante,rapido,ve despacio en este momento,adelante,lenta
prendida,normal,AUMENTA LA VELOCIDAD DE UNA,null,rapido
prendida,detenida,Adelante,adelante,null
prendida,detenida,continua al frente lento,adelante,lenta
adelante,normal,con mas velocidad ahora,adelante,rapido
prendida,detenida,avanza despacito,adelante,lenta
adelante + derecha,normal,gira a la izquierda,adelante,normal
prendida,detenida,dale adelante,adelante,null
prendida,detenida,echale para enfrente,adelante,null
prendida,detenida,pA enfrEnte RApidO,adelante,rapido
prendida,normal,pa enfrente,adelante,null
adelante + derecha,rapido,izquierda,adelante,rapido
prendida,detenida,hiberna,apagar,detenida
adelante + izquierda,normal,echale para enfrente?,adelante,normal
apagado,detenida,arranca de una,prender,detenida
adelante,rapido,con mas velocidad en corto,adelante,rapido
prendida,detenida,sigue al frente despacito,adelante,lenta
adelante,lenta,a la izquierda,adelante + izquierda,lenta
adelante,lenta,IZQUIERDA,adelante + izquierda,lenta
derecha,detenida,NO taN rapido ya,derecha,lenta
adelante,normal,VOLTEA A LA IZQUIERDA,adelante + izquierda,normal
adelante,rapido,modo normal Ahora,adelante,normal
adelante,normal,silla izquierda,adelante + izquierda,normal
prendida,detenida,DERECHO DESPACIO,adelante,lenta
adelante + derecha,lenta,VaMoS AdelAnte,adelante,lenta
adelante,detenida,baja a normal...,adelante,normal
adelante + izquierda,normal,derecha ya,adelante,normal
prendida,normal,silla adelante,adelante,null
prendida,rapido,rapido,null,rapido
adelante + derecha,normal,a la izquierda,adelante,normal
prendida,detenida,silla izquierda.,izquierda,null
prendida,detenida,Adelante,adelante,null
prendida,detenida,izquierda,izquierda,null
adelante,lenta,despacito,adelante,lenta
prendida,detenida,ECHALE DERECHO CON MAS VELOCIDAD,adelante,rapido
adelante,normal,a la derecha,adelante + derecha,normal
adelante,rapido,ve despacio ahorita...,adelante,lenta
izquierda,rapido,normal ya,izquierda,normal
adelante,rapido,gira a la derecha,adelante + derecha,rapido
adelante,lenta,voltea a la derecha,adelante + derecha,lenta
prendida,detenida,Dale Adelante,adelante,null
prendida,detenida,Gira A La Derecha Con Mas Velocidad.,derecha,rapido
adelante,detenida,mas rapido en corto,adelante,rapido
prendida,detenida,silla izquierda,izquierda,null
adelante + izquierda,lenta,GIRA A LA DERECHA,adelante,lenta
adelante + izquierda,lenta,vamos adelante,adelante,lenta
adelante,lenta,VOLTEA A LA DERECHA,adelante + derecha,lenta
apagado,detenida,enciendete ahorita,prender,detenida
prendida,normal,velocidad Normal en friegA,null,normal
adelante,lenta,bajale la velocidad ya,adelante,lenta
prendida,detenida,dale adelante,adelante,null
apagado,detenida,Prendete Ahora...,prender,detenida
prendida,detenida,ve hacia la derecha,derecha,normal
adelante,lenta,voltea a la derecha,adelante + derecha,lenta
prendida,detenida,Echale Para Enfrente,adelante,null
prendida,detenida,izquierda ya,izquierda,null
prendida,detenida,avanza,adelante,null
adelante,lenta,derecha ya,adelante + derecha,lenta
prendida,detenida,para enfrente...,adelante,null
prendida,detenida,ve de frente??,adelante,normal
apagado,detenida,inicia de inmediato,prender,detenida
adelante,rapido,no tan rapido en friega,adelante,lenta
adelante,normal,a la derecha??,adelante + derecha,normal
prendida,detenida,desactivate en corto,apagar,detenida
prendida,detenida,adelantate con mas velocidad,adelante,rapido
adelante,lenta,a velocidad normal ahorita,adelante,normal
adelante + derecha,normal,izquierda,adelante,normal
adelante + izquierda,rapido,echale para enfrente,adelante,rapido
prendida,detenida,ve para enfrente,adelante,normal
izquierda,lenta,subele la velocidad en corto!!,izquierda,rapido
adelante,lenta,mete mas velocidad ya,adelante,rapido
adelante,lenta,mas despacio!!,adelante,lenta
prendida,rapido,disminuye la velocidad.,null,normal
izquierda,lenta,ve despacio de inmediato,izquierda,lenta
prendida,detenida,voltea a la derecha normal,derecha,normal
adelante,normal,a la derecha,adelante + derecha,normal
prendida,detenida,reduce la velocidad,null,lenta
apagado,detenida,inicia en friega,prender,detenida
prendida,detenida,echale para enfrente,adelante,null
adelante,normal,a la derecha!,adelante + derecha,normal
prendida,detenida,pa enfrente,adelante,null
adelante + izquierda,lenta,gira a la derecha,adelante,lenta
adelante,rapido,silla izquierda?,adelante + izquierda,rapido
adelante,normal,mas lento,adelante,lenta
prendida,detenida,giRa a la izqUiErDa despAcIo,izquierda,lenta
prendida,detenida,DESACTIVATE EN CORTO.,apagar,detenida
prendida,detenida,dale adelante velocidad normal,adelante,normal
adelante,normal,A La Izquierda,adelante + izquierda,normal
adelante + derecha,lenta,a la izquierda,adelante,lenta
prendida,detenida,Voltea A La Izquierda Con Mas Velocidad.,izquierda,rapido
prendida,detenida,al frente con cuidado,adelante,lenta
prendida,detenida,camina hacia enfrente rapido,adelante,rapido
prendida,lenta,con cuidado!,null,lenta
prendida,detenida,dale adelante modo normal,adelante,normal
adelante + derecha,rapido,SillA IZquiErda,adelante,rapido
prendida,detenida,adelante,adelante,null
prendida,detenida,RUEDA HACIA ADELANTE SUAVECITO,adelante,lenta
prendida,lenta,AUMENTA LA VELOCIDAD EN ESTE MOMENTO,null,rapido
prendida,lenta,reduce la velOcIdad en este momento...,null,lenta
prendida,detenida,silla izquierda,izquierda,null
adelante + derecha,rapido,adelante!!,adelante,rapido
prendida,detenida,voltea a la derecha.,derecha,null
adelante + derecha,lenta,IZQUIERDA YA,adelante,lenta
prendida,detenida,mas lento,null,lenta
adelante + derecha,normal,voltea a la izquierda,adelante,normal
adelante,detenida,voltea a la derecha,adelante + derecha,detenida
prendida,lenta,mete mas velocidad,null,rapido
adelante,normal,modo normal,adelante,normal
adelante + izquierda,lenta,derecha ya,adelante,lenta
prendida,lenta,ADELANTE,adelante,null
adelante,rapido,A La Derecha,adelante + derecha,rapido
prendida,detenida,SIGUE DERECHO CON MAS VELOCIDAD,adelante,rapido
prendida,normal,DESPACIO,null,lenta
adelante,normal,IZQUIERDA YA,adelante + izquierda,normal
prendida,detenida,ve para enfrente,adelante,normal
adelante,detenida,mas rapido,adelante,rapido
prendida,detenida,Vamos Adelante Normal??,adelante,normal
prendida,lenta,DALE ADELANTE,adelante,null
prendida,detenida,Muevete Al Frente Despacio...,adelante,lenta
prendida,detenida,cierra ahorita,apagar,detenida
adelante,lenta,derecha,adelante + derecha,lenta
prendida,detenida,Dobla Hacia La Izquierda Normal,izquierda,normal
prendida,detenida,da vuelta hacia la derecha con mas velocidad...,derecha,rapido
prendida,detenida,sigue derecho a velocidad normal,adelante,normal
prendida,detenida,dale para enfrente??,adelante,normal
adelante + izquierda,normal,gira a la derecha,adelante,normal
prendida,rapido,Mete Mas Velocidad En Friega,null,rapido
izquierda,normal,acelera de inmediato.,izquierda,rapido
adelante,lenta,derecha ya,adelante + derecha,lenta
adelante,normal,gira a la derecha,adelante + derecha,normal
adelante + izquierda,rapido,SILLA DERECHA,adelante,rapido
prendida,detenida,pa enfrente,adelante,null
prendida,detenida,apaga en corto!,apagar,detenida
prendida,lenta,modo normal ahorita,null,normal
adelante,detenida,modo normal ahorita,adelante,normal
adelante,lenta,velocidad normal en este momento?,adelante,normal
adelante + derecha,detenida,IZQUIERDA!!,adelante,detenida
prendida,detenida,SILLA APAGA,apagar,detenida
prendida,detenida,voltea para la izquierda con calma,izquierda,lenta
adelante + derecha,normal,izquierda ya,adelante,normal
prendida,detenida,a la derecha con cuidado,derecha,lenta
adelante,normal,izquierda,adelante + izquierda,normal
adelante + derecha,normal,echale para enfrente,adelante,normal
adelante,lenta,izquierda,adelante + izquierda,lenta
prendida,detenida,adelante mas rapido,adelante,rapido
prendida,detenida,derecho normal,adelante,normal
apagado,detenida,arranca de una,prender,detenida
prendida,detenida,Adelante,adelante,null
adelante + derecha,lenta,izquierda ya,adelante,lenta
adelante + derecha,normal,aVAnza!,adelante,normal
prendida,detenida,dale al frente con mas velocidad,adelante,rapido
adelante,rapido,izquierda ya,adelante + izquierda,rapido
prendida,normal,desacelera de una,null,lenta
prendida,lenta,pa enfrente??,adelante,null
apagado,detenida,Arranca De Una,prender,detenida
adelante + derecha,rapido,voltea a la izquierda??,adelante,rapido
adelante,lenta,voltea a la izquierda,adelante + izquierda,lenta
apagado,detenida,silla prende,prender,detenida
adelante,rapido,A LA IZQUIERDA,adelante + izquierda,rapido
prendida,detenida,echale al frente?,adelante,normal
prendida,detenida,para adelante a velocidad normal,adelante,normal
prendida,detenida,pa' la izquierda normal,izquierda,normal
apagado,detenida,prende la silla,prender,detenida
adelante,normal,silla izquierda,adelante + izquierda,normal
prendida,detenida,DALE AL FRENTE CON MAS VELOCIDAD,adelante,rapido
prendida,detenida,reduce la velocidad ya,null,lenta
prendida,detenida,gira a la izquierda,izquierda,null
adelante,detenida,mas rapido,adelante,rapido
adelante,normal,gira a la izquierda,adelante + izquierda,normal
adelante,rapido,a la izquierda,adelante + izquierda,rapido
prendida,detenida,Vamos Adelante,adelante,null
prendida,detenida,echAle al frente mete velocIDAd.,adelante,rapido
adelante,normal,a la izquierda,adelante + izquierda,normal
adelante + izquierda,detenida,derecha ya,adelante,detenida
apagado,detenida,prendete ahorita?,prender,detenida
prendida,detenida,pa enfrente!,adelante,null
adelante,normal,voltea a la izquierda,adelante + izquierda,normal
prendida,detenida,ve para enfrente,adelante,normal
adelante,lenta,mas rapido ahorita,adelante,rapido
prendida,detenida,al lado derecho a velocidad normal,derecha,normal
prendida,detenida,voltea a la izquierda,izquierda,null
apagado,detenida,prende de una...,prender,detenida
adelante + izquierda,rapido,vamos adelante,adelante,rapido
prendida,normal,velocidad normal en este momento,null,normal
prendida,detenida,silla adelante,adelante,null
adelante,lenta,GIRA A LA DERECHA,adelante + derecha,lenta
prendida,lenta,Normal En Friega,null,normal
adelante + derecha,normal,voltea a la izquierda,adelante,normal
adelante + derecha,lenta,a la izquierda,adelante,lenta
prendida,detenida,lLegale aL frente trAnqui,adelante,lenta
prendida,detenida,vaMos adelante rapIdo,adelante,rapido
prendida,detenida,VAMOS ADELANTE,adelante,null
prendida,detenida,A velocidad noRmal ya,null,normal
adelante,normal,silla izquierda,adelante + izquierda,normal
prendida,detenida,rueda para enfrente??,adelante,normal
adelante + derecha,lenta,a la izquierda,adelante,lenta
adelante,lenta,a vElOcidad nOrmal De uNa??,adelante,normal
adelante,normal,Derecha Ya,adelante + derecha,normal
adelante + izquierda,rapido,derecha,adelante,rapido
prendida,detenida,dale adelante,adelante,null
prendida,detenida,paRA AdelANte con mas velociDAd,adelante,rapido
adelante,normal,MAS RAPIDO YA,adelante,rapido
prendida,detenida,apaga en corto,apagar,detenida
adelante,rapido,silla izquierda,adelante + izquierda,rapido
adelante,lenta,derecha ya,adelante + derecha,lenta
adelante,lenta,izquierda?,adelante + izquierda,lenta
adelante + derecha,rapido,VoLTea A la izquIerDA,adelante,rapido
prendida,detenida,desactivate de una,apagar,detenida
adelante + derecha,normal,gira a la izquierda,adelante,normal
adelante,rapido,a la izquierda,adelante + izquierda,rapido
adelante,rapido,gira a la izquierda?,adelante + izquierda,rapido
prendida,normal,echale para enfrente,adelante,null
prendida,detenida,dobla a la derecha con calma,derecha,lenta
adelante,rapido,derecha??,adelante + derecha,rapido
adelante,normal,mas rapido de una,adelante,rapido
prendida,detenida,pa enfrente,adelante,null
prendida,detenida,pa enfreNtE,adelante,null
apagado,detenida,enciende en corto,prender,detenida
prendida,detenida,gira a la izquierda!,izquierda,null
prendida,detenida,RaPidO,null,rapido
prendida,detenida,Apagate en friega,apagar,detenida
adelante,normal,IZQUIERDA YA,adelante + izquierda,normal
prendida,detenida,apaga de una,apagar,detenida
apagado,detenida,arranca en corto,prender,detenida
prendida,detenida,gira a la izquierda,izquierda,null
adelante,lenta,gira a la izquierda,adelante + izquierda,lenta
adelante,normal,a la izquierda!!,adelante + izquierda,normal
prendida,detenida,Izquierda Ya,izquierda,null
prendida,detenida,apaga ya,apagar,detenida
adelante,lenta,SILLA IZQUIERDA,adelante + izquierda,lenta
prendida,detenida,silla izquierda,izquierda,null
adelante,detenida,a velocidad normal en este momento,adelante,normal
prendida,detenida,para enfrente suavecito,adelante,lenta
prendida,detenida,Subele la veloCiDad De una,null,rapido
adelante,detenida,a la derecha,adelante + derecha,detenida
prendida,detenida,Dale Adelante,adelante,null
prendida,lenta,avanza,adelante,null
prendida,normal,lenta,null,lenta
adelante,normal,a velocidad normal en este momento,adelante,normal
adelante,lenta,mas rApIdo ya,adelante,rapido
prendida,detenida,sigue de frente con calma,adelante,lenta
prendida,normal,mete mas velocidad en friega,null,rapido
prendida,detenida,rueda derecho despacio,adelante,lenta
prendida,rapido,subelE lA velOcIdad aHoRIta,null,rapido
prendida,detenida,hacia adelante lento,adelante,lenta
prendida,detenida,muevete para la izquierda rapido,izquierda,rapido
prendida,rapido,mas lento de una,null,lenta
adelante + izquierda,lenta,vamos adelante,adelante,lenta
derecha,detenida,baja a normal,derecha,normal
prendida,normal,ADeLAntE,adelante,null
prendida,detenida,A LA IZQUIERDA,izquierda,null
prendida,detenida,muevete hacia adelante despacio,adelante,lenta
apagado,detenida,prende ahorita?,prender,detenida
prendida,detenida,ve hacia adelante con calma,adelante,lenta
prendida,detenida,apaga ahora,apagar,detenida
adelante + izquierda,lenta,silla adelante,adelante,lenta
prendida,detenida,muevete adelante.,adelante,null
adelante,lenta,Izquierda,adelante + izquierda,lenta
prendida,detenida,llegaLE de freNTe,adelante,normal
