estado_accion,estado_velocidad,frase,accion,velocidad
apagado,detenida,por favor prender,prender,detenida
apagado,detenida,prendete rapido,prender,detenida
apagado,detenida,enciende,prender,detenida
apagado,detenida,activate!,prender,detenida
prendida,detenida,Hey Apaguete,apagar,detenida
prendida,detenida,descansa ahorita,apagar,detenida
prendida,detenida,Oye duerMe por favor,apagar,detenida
prendida,detenida,hiberna,apagar,detenida
prendida,detenida,adelante,adelante,null
prendida,detenida,adelante rapido?,adelante,rapido
prendida,detenida,rapido de inmediato,null,rapido
adelante,detenida,rapido,adelante,rapido
adelante,rapido,derecha de inmediato,adelante + derecha,rapido
adelante + derecha,rapido,izquierda ahora?,adelante,rapido
adelante,rapido,izquierda,adelante + izquierda,rapido
adelante + izquierda,rapido,silla adelante ahorita,adelante,rapido
adelante,rapido,hey disminuye la velocidad,adelante,normal
prendida,detenida,derecha de inmediato,derecha,null
derecha,detenida,silla rapido,derecha,rapido
prendida,detenida,OYE ATRAS,atras,null
prendida,detenida,heY atras raPido,atras,rapido
atras,detenida,silla rapido!!,atras,rapido
adelante + derecha,normal,silla pa enfrente,adelante,normal
prendida,detenida,silla recula.,atras,null
adelante,rapido,hey derecha ahora,adelante + derecha,rapido
prendida,lenta,velocidad normal por favor,null,normal
adelante,normal,silla voltea a la izquierda por favor??,adelante + izquierda,normal
prendida,detenida,por favor sigue de frente con mas velocidad??,adelante,rapido
adelante + izquierda,normal,A La Derecha Ya,adelante,normal
izquierda,rapido,hey baja a normal por favor,izquierda,normal
adelante + derecha,rapido,gira a la izquierda,adelante,rapido
adelante + derecha,rapido,mueve a la izquierda ya,adelante,rapido
prendida,detenida,Derecho Apurate,adelante,rapido
adelante,lenta,Hey Mueve A La Derecha De Inmediato,adelante + derecha,lenta
prendida,detenida,Oye Echale Derecho Con Mas Velocidad.,adelante,rapido
prendida,detenida,cierra ahorita?,apagar,detenida
apagado,detenida,por favor enciende,prender,detenida
adelante,normal,MUEVE A LA IZQUIERDA AHORITA,adelante + izquierda,normal
prendida,detenida,por favor aumenta la velocidad de una,null,rapido
prendida,detenida,A La Derecha,derecha,normal
prendida,detenida,voltea a la derecha con cuidado,derecha,lenta
adelante,detenida,apurate ya,adelante,rapido
prendida,detenida,silLa tuercE parA lA IZquierdA norMal Ahorita,izquierda,normal
adelante + izquierda,lenta,a la derecha,adelante,lenta
atras,lenta,hey ve despacio en este momento,atras,lenta
adelante + izquierda,normal,silla mueve a la derecha ahora,adelante,normal
adelante,lenta,por favor voltea a la izquierda,adelante + izquierda,lenta
prendida,detenida,IZQUIERDA ACELERA MAS POR FAVOR,izquierda,rapido
prendida,detenida,Hazte Para Atras,atras,null
prendida,detenida,ve hacia atras,atras,null
prendida,detenida,da marcha atras mete velocidad ahora!,atras,rapido
adelante,detenida,oye mete mas velocidad de una ya,adelante,rapido
prendida,detenida,pa enfrente,adelante,null
prendida,detenida,por favor para enfrente ahora,adelante,null
atras,detenida,con calma en friega,atras,lenta
adelante,lenta,oye a la derecha de inmediato,adelante + derecha,lenta
prendida,detenida,oye pa atras,atras,null
prendida,normal,dale adelante ahora,adelante,null
adelante + izquierda,normal,oye gira a la derecha ya.,adelante,normal
atras,rapido,oye con mas vElocidad ahOrIta?,atras,rapido
adelante + derecha,normal,gira izquierda de inmediato,adelante,normal
prendida,rapido,silLa para enfrente,adelante,null
apagado,detenida,hey inIcIa en friEga,prender,detenida
prendida,detenida,Por Favor Recula,atras,null
prendida,detenida,gira para la izquierda mas rapido,izquierda,rapido
apagado,detenida,POR FAVOR ENCIENDETE,prender,detenida
prendida,normal,oye pa atras de inmediato,atras,null
prendida,detenida,para adelante mas rapido de inmediato,adelante,rapido
adelante + derecha,lenta,vamos adelante ahora,adelante,lenta
prendida,detenida,silla avanza un poco,adelante,null
prendida,detenida,Por FAVor derEcha,derecha,null
adelante + izquierda,lenta,gira a la derecha,adelante,lenta
prendida,rapido,modo normal ahora,null,normal
prendida,detenida,silla pa' la derecha rapido,derecha,rapido
adelante,normal,HEY DERECHA AHORITA,adelante + derecha,normal
prendida,detenida,oye mueve a la derecha ahorita,derecha,null
adelante + izquierda,normal,silla gira a la derecha,adelante,normal
atras,detenida,mete mas velocidad en este momento ahora...,atras,rapido
prendida,detenida,para atras mas rapido,atras,rapido
prendida,detenida,apaga de inmediato de inmediato,apagar,detenida
atras,detenida,SUBELE LA VELOCIDAD EN FRIEGA,atras,rapido
prendida,detenida,llegale para enfrente con calma,adelante,lenta
prendida,detenida,hey pa atras,atras,null
adelante + izquierda,normal,silla a la derecha,adelante,normal
prendida,rapido,ve despacio ahorita,null,lenta
adelante + izquierda,lenta,por favor mueve a la derecha!!,adelante,lenta
prendida,detenida,ve hacia adelante,adelante,null
adelante + derecha,rapido,A LA IZQUIERDA,adelante,rapido
prendida,detenida,voltea a la derecha de inmediato,derecha,null
atras,lenta,MAS LENTO,atras,lenta
prendida,detenida,atras??,atras,null
adelante,lenta,coN mAs VelocidAD ya!!,adelante,rapido
adelante + derecha,rapido,para enfrente ahora!,adelante,rapido
adelante + derecha,lenta,Hey Mueve A La Izquierda??,adelante,lenta
atras,normal,silla con mas velocidad en este momento,atras,rapido
izquierda,detenida,silla desacelera de una,izquierda,lenta
prendida,rapido,cOn calmA ahora,null,lenta
prendida,normal,velocidad normal en este momento ahora,null,normal
prendida,detenida,oye ve hacia adelante,adelante,null
adelante + derecha,normal,sigue adelante ya,adelante,normal
prendida,detenida,Por Favor Para Atras Mete Velocidad,atras,rapido
prendida,detenida,oye gira a la izquierda por favor,izquierda,null
adelante + izquierda,normal,hey gira a la derecha,adelante,normal
adelante,rapido,oye gira izquierda,adelante + izquierda,rapido
prendida,detenida,muevete al lado derecho mete velocidad,derecha,rapido
derecha,detenida,hey manten velocidad normal en friega,derecha,normal
adelante + derecha,normal,a la izquierda ya,adelante,normal
izquierda,lenta,Reduce la VElOcIDad ahoRa...,izquierda,lenta
prendida,detenida,pa' lA derecHa suaVecito ya,derecha,lenta
adelante,normal,por favor mueve a la izquierda ahorita,adelante + izquierda,normal
prendida,normal,por favor atras,atras,null
prendida,normal,modo normal!!,null,normal
prendida,detenida,da reversa ya,atras,null
prendida,rapido,oye muevete atras ahorita,atras,null
adelante,rapido,mueve a la derecha de inmediato,adelante + derecha,rapido
prendida,detenida,oye continua pa' atras tranqui...,atras,lenta
prendida,detenida,Por Favor Acelera De Inmediato,null,rapido
prendida,detenida,Silla De Reversa Con Mas Velocidad Ya,atras,rapido
prendida,detenida,por favor tuerce a la izquierda apurate?,izquierda,rapido
prendida,detenida,pa enfrente!!,adelante,null
adelante + derecha,normal,por favor adelante,adelante,normal
prendida,detenida,continua pa' atras,atras,normal
prendida,lenta,hey echale para enfrente,adelante,null
prendida,lenta,subele la velocidad ya,null,rapido
adelante,normal,silla gira a la izquierda!,adelante + izquierda,normal
prendida,detenida,echale para enfrente,adelante,normal
prendida,detenida,oye vamos atras?,atras,null
prendida,lenta,por favor baja a normal,null,normal
prendida,detenida,da marcha atras despacio,atras,lenta
atras,detenida,silla disminuye la velocidad,atras,normal
prendida,detenida,hey gira a la derecha,derecha,null
prendida,detenida,Camina Hacia Enfrente Tranqui,adelante,lenta
prendida,rapido,ADELANTE AHORITA,adelante,null
prendida,detenida,oye voltea a la izquierda de inmediato...,izquierda,null
izquierda,lenta,por favor manten velocidad normal ahora,izquierda,normal
prendida,normal,oye mete mas velocidad de una,null,rapido
adelante,detenida,REDUCE LA VELOCIDAD EN ESTE MOMENTO,adelante,lenta
prendida,normal,SILLA CON CALMA AHORA DE INMEDIATO,null,lenta
adelante,lenta,GIRA DERECHA,adelante + derecha,lenta
adelante,lenta,dobla a la derecha ahorita,adelante + derecha,lenta
prendida,detenida,por favor reversa ponlo normal,atras,normal
prendida,lenta,a velocidad normal de una,null,normal
adelante + izquierda,normal,silla gira a la derecha ya,adelante,normal
prendida,detenida,modo normal ahorita,null,normal
atras,rapido,a velocidad normal ahorita ahorita,atras,normal
adelante,normal,VOLTEA A LA IZQUIERDA DE INMEDIATO,adelante + izquierda,normal
prendida,detenida,Vamos Atras De Inmediato,atras,null
adelante,rapido,por favor modo normal ahorita!!,adelante,normal
prendida,normal,hey avanza,adelante,null
adelante,detenida,Desacelera De Inmediato,adelante,lenta
apagado,detenida,inicia en friega,prender,detenida
adelante + derecha,lenta,gira a la izquierda ahorita,adelante,lenta
izquierda,detenida,manten velocidad normal en friega,izquierda,normal
prendida,detenida,al frente lento ya.,adelante,lenta
apagado,detenida,arranca En CorTO ahoritA,prender,detenida
prendida,detenida,silla echale para enfrente,adelante,null
adelante,lenta,por favor a la derecha,adelante + derecha,lenta
atras,normal,reduce la velocidad,atras,lenta
prendida,detenida,siLla de fREnte,adelante,normal
prendida,detenida,silla muevete para atras despacito,atras,lenta
adelante + izquierda,rapido,SILLA GIRA A LA DERECHA.,adelante,rapido
prendida,detenida,ve hacia adelante,adelante,null
prendida,detenida,hazte para atras,atras,normal
adelante,normal,dobla a la derecha,adelante + derecha,normal
prendida,detenida,silla llegale hacia adelante con mas velocidad ahora,adelante,rapido
prendida,detenida,silla para la derecha mete velocidad,derecha,rapido
prendida,lenta,continua hacia adelante ya,adelante,null
prendida,detenida,silla apagar ahorita,apagar,detenida
prendida,detenida,silla hacia atras a velocidad normal,atras,normal
adelante + izquierda,detenida,gira a la derecha,adelante,detenida
adelante + derecha,normal,pa enfrente??,adelante,normal
prendida,normal,oye vamos adelante ahora!!,adelante,null
adelante,rapido,derecha ya??,adelante + derecha,rapido
prendida,detenida,gira a la izquierda ahora??,izquierda,null
prendida,detenida,sigue adelante,adelante,null
prendida,detenida,silla reversa,atras,null
adelante + izquierda,lenta,GIRA A LA DERECHA,adelante,lenta
adelante,rapido,gira derecha por favor,adelante + derecha,rapido
prendida,detenida,para atras ahorita,atras,null
adelante,lenta,OYE MUEVE A LA DERECHA,adelante + derecha,lenta
prendida,detenida,gira derecha de inmediato,derecha,null
apagado,detenida,Por Favor Arranca Ya De Inmediato,prender,detenida
prendida,detenida,HEY PA ATRAS AHORITA,atras,null
adelante,lenta,hey aumenta la velocidad,adelante,rapido
prendida,detenida,VE DE FRENTE,adelante,normal
apagado,detenida,silla enciende ahora,prender,detenida
prendida,detenida,hey echale pa' atras mas rapido,atras,rapido
adelante,lenta,silla bajale la velocidad ya de inmediato,adelante,lenta
atras,rapido,no tan rapido ya,atras,lenta
prendida,detenida,por favor ponte en reversa despacito,atras,lenta
apagado,detenida,enciendete ahorita!!,prender,detenida
adelante,lenta,ponlo normal,adelante,normal
prendida,detenida,dA reverSA,atras,null
prendida,detenida,POR FAVOR DOBLA PA' LA DERECHA A VELOCIDAD NORMAL,derecha,normal
adelante + derecha,lenta,continua hacia adelante...,adelante,lenta
adelante,normal,silla voltea a la derecha,adelante + derecha,normal
adelante,lenta,HEY GIRA IZQUIERDA DE INMEDIATO,adelante + izquierda,lenta
adelante,lenta,Hey Gira Izquierda Ahora,adelante + izquierda,lenta
prendida,detenida,ponlo normal ahora,null,normal
adelante + izquierda,lenta,Adelante Ahora,adelante,lenta
adelante + izquierda,normal,dobla a la derecha??,adelante,normal
prendida,detenida,da reversa?,atras,null
prendida,detenida,OYE APAGA,apagar,detenida
adelante,normal,mas lento,adelante,lenta
apagado,detenida,oye arranca,prender,detenida
prendida,detenida,DA REVERSA,atras,null
adelante,rapido,derecha por favor??,adelante + derecha,rapido
atras,detenida,con calma!!,atras,lenta
atras,detenida,sillA suavecito,atras,lenta
apagado,detenida,por favor enciende en corto,prender,detenida
adelante,rapido,oye gira a la izquierda,adelante + izquierda,rapido
adelante + derecha,normal,Oye Gira A La Izquierda Ya!!,adelante,normal
adelante,lenta,Por Favor Gira Derecha,adelante + derecha,lenta
prendida,detenida,dale de frente normal ahora,adelante,normal
prendida,rapido,modo normal,null,normal
adelante,detenida,con mas velocidad,adelante,rapido
prendida,detenida,desCansa,apagar,detenida
adelante,rapido,heY volTea a La izquierda,adelante + izquierda,rapido
adelante,normal,por favor mueve a la derecha,adelante + derecha,normal
atras,detenida,ponlo normal,atras,normal
prendida,rapido,reduce un poco la velocidad ahora,null,normal
adelante + izquierda,rapido,gira derecha,adelante,rapido
prendida,detenida,Silla Desconectate Ahora Ya,apagar,detenida
prendida,rapido,SILLA MODO NORMAL AHORITA AHORA!,null,normal
adelante,lenta,velocidad normal ahora!!,adelante,normal
apagado,detenida,oye inicia en friega!,prender,detenida
derecha,lenta,a velocidad normal de una,derecha,normal
adelante + derecha,lenta,pa enfrente ahora!!,adelante,lenta
prendida,detenida,hey sigue al frente rapido,adelante,rapido
prendida,detenida,silla pa atras ahora,atras,null
prendida,lenta,con calma ahorita,null,lenta
prendida,lenta,no tan rapido de una,null,lenta
adelante + izquierda,lenta,por favor voltea a la derecha.,adelante,lenta
adelante,rapido,oye mueve a la derecha ahora,adelante + derecha,rapido
prendida,lenta,Pa Enfrente Ya,adelante,null
prendida,detenida,pa' atras tranqui,atras,lenta
prendida,detenida,oye arrancate para atras apurate,atras,rapido
prendida,normal,adelante por favor,adelante,null
adelante,lenta,voltea a la izquierda,adelante + izquierda,lenta
apagado,detenida,Oye Activate En Corto,prender,detenida
prendida,lenta,ve despacio ahorita,null,lenta
prendida,detenida,oye gira a la izquierda,izquierda,null
prendida,detenida,oye dale derecho con mas velocidad,adelante,rapido
adelante,lenta,hey voltea a la derecha ya,adelante + derecha,lenta
adelante + izquierda,rapido,oye dobla a la derecha,adelante,rapido
prendida,detenida,mueve a la izquierda,izquierda,null
atras,detenida,SILLA AUMENTA LA VELOCIDAD YA,atras,rapido
prendida,lenta,hey desacelera en este momento,null,lenta
prendida,detenida,desactivate ahora,apagar,detenida
adelante + izquierda,normal,silla derecha,adelante,normal
prendida,detenida,silla derecho normal,adelante,normal
apagado,detenida,activate de una,prender,detenida
prendida,detenida,VE HACIA ADELANTE AHORITA,adelante,normal
adelante,normal,OYE VE DESPACIO AHORITA,adelante,lenta
prendida,lenta,recula,atras,null
adelante,normal,a la derecha ya!!,adelante + derecha,normal
adelante,normal,voltea a la derecha,adelante + derecha,normal
prendida,detenida,dale para enfrente suavecito,adelante,lenta
apagado,detenida,Enciendete de uNa ahorIta,prender,detenida
prendida,detenida,por favor pa' la dereChA ahoriTa,derecha,normal
prendida,detenida,dobla a la derecha ya,derecha,null
prendida,normal,mete velocidad,null,rapido
prendida,detenida,hey descansa ya,apagar,detenida
adelante,lenta,HeY gIrA derecha aHoriTa,adelante + derecha,lenta
prendida,detenida,vamos AdelAnte por favor,adelante,null
apagado,detenida,arranca en corto,prender,detenida
prendida,rapido,por favor vamos atras ahorita,atras,null
prendida,detenida,dobla a la derecha,derecha,null
apagado,detenida,prender,prender,detenida
apagado,detenida,INICIA EN FRIEGA,prender,detenida
adelante,lenta,silla mueve a la izquierda,adelante + izquierda,lenta
prendida,detenida,dobla a la derecha ya,derecha,null
apagado,detenida,prendete ahorita,prender,detenida
adelante + derecha,lenta,izquierda,adelante,lenta
adelante,normal,aumenta la velocidad,adelante,rapido
prendida,detenida,apaga en friega ahora,apagar,detenida
adelante,lenta,manten velocidad normal ahora de inmediato,adelante,normal
izquierda,normal,por favor mas rapido en corto!,izquierda,rapido
apagado,detenida,por faVor ArrancA de unA!!,prender,detenida
prendida,detenida,desconectate en corto ahorita!,apagar,detenida
prendida,detenida,Derecha,derecha,null
adelante,detenida,poNlo NormAl,adelante,normal
prendida,detenida,oye para atras lento,atras,lenta
prendida,detenida,Silla Dale De Frente Tranqui Por Favor!,adelante,lenta
prendida,detenida,oye continua hacia adelante,adelante,null
adelante + derecha,lenta,a la izquierda,adelante,lenta
adelante + derecha,rapido,por favor dobla a la izquierda,adelante,rapido
prendida,detenida,AVANZA UN POCO,adelante,null
adelante + derecha,lenta,pa enfrente ahorita,adelante,lenta
prendida,detenida,hEy echate para aTrAs,atras,null
apagado,detenida,por favor prende de una,prender,detenida
derecha,detenida,manten velocidad normal ahorita ahora,derecha,normal
adelante + derecha,normal,voltea a la izquierda,adelante,normal
adelante,lenta,silla gira izquierda de inmediato!!,adelante + izquierda,lenta
adelante + derecha,lenta,OYE VOLTEA A LA IZQUIERDA AHORA,adelante,lenta
adelante,normal,oye voltea a la izquierda?,adelante + izquierda,normal
prendida,detenida,arrAnCaTe hacIa aDeLante,adelante,normal
prendida,detenida,silla apaga!!,apagar,detenida
prendida,detenida,oye a la IZquierda suaVeciTo por favor!,izquierda,lenta
apagado,detenida,silla prende ahora,prender,detenida
atras,normal,hey manten velocidad normal ahora por favor,atras,normal
prendida,detenida,hey da reversa de inmediato??,atras,null
prendida,lenta,silla pa atras por favor,atras,null
prendida,normal,muevEte atrAs,atras,null
prendida,detenida,Oye Acelera En Friega De Inmediato,null,rapido
adelante,detenida,gira a la izquierda de inmediato,adelante + izquierda,detenida
prendida,detenida,dale de frente ahorita,adelante,normal
adelante,lenta,HEY DOBLA A LA IZQUIERDA AHORA,adelante + izquierda,lenta
prendida,detenida,DALE HACIA ADELANTE YA,adelante,normal
adelante,normal,GIra Derecha,adelante + derecha,normal
atras,lenta,incrementa la velocidad,atras,rapido
prendida,detenida,continua hacia adelante ya,adelante,null
prendida,detenida,Hey Gira A La Izquierda,izquierda,null
adelante,normal,Dobla A La Izquierda,adelante + izquierda,normal
prendida,normal,ve despacio en corto,null,lenta
adelante,lenta,gira derecha ahorita,adelante + derecha,lenta
adelante,rapido,a velocidad normal,adelante,normal
prendida,detenida,oye mueve a la derecha ahora,derecha,null
adelante + derecha,normal,a la izquierda,adelante,normal
prendida,detenida,sillA deScoNecTAte eN corto!!,apagar,detenida
prendida,detenida,arrancate al frente ahora,adelante,normal
prendida,lenta,hey reversa,atras,null
prendida,detenida,por favor retrocede mete velocidad,atras,rapido
prendida,detenida,oye al frente con cuidado ya,adelante,lenta
adelante,detenida,por favor izquierda,adelante + izquierda,detenida
adelante,lenta,por favor voltea a la derecha!,adelante + derecha,lenta
adelante,lenta,hey mueve a la derecha,adelante + derecha,lenta
prendida,detenida,baja a normal,null,normal
prendida,normal,mas rapido en este momento,null,rapido
prendida,detenida,hey mete mas velocidad por favor,null,rapido
atras,detenida,desacelera de una ahora,atras,lenta
prendida,detenida,hey reversa velocidad normal ahora,atras,normal
adelante,lenta,oye mas lento ya,adelante,lenta
prendida,detenida,por favor dobla a la derecha,derecha,null
prendida,detenida,rueda hacia atras tranqui ahorita,atras,lenta
adelante,normal,hey gira a la izquierda por favor,adelante + izquierda,normal
prendida,detenida,avanza un poco,adelante,null
adelante,normal,giRa derecha,adelante + derecha,normal
atras,lenta,mas despacio!!,atras,lenta
apagado,detenida,oye arranca ahorita...,prender,detenida
adelante,normal,por favor derecha,adelante + derecha,normal
adelante,rapido,oye derecha por favor,adelante + derecha,rapido
prendida,detenida,echale hacia atras lento ya,atras,lenta
adelante,lenta,silla dobla a la izquierda,adelante + izquierda,lenta
prendida,detenida,hey mas lento ya por favor,null,lenta
prendida,detenida,HEY TUERCE PARA LA DERECHA POR FAVOR,derecha,normal
adelante + derecha,normal,sIlla mUeVe a lA izquierda,adelante,normal
prendida,detenida,gira a la izquierda,izquierda,null
prendida,detenida,ve hacia adelante ponlo normal!!,adelante,normal
prendida,detenida,Por Favor Echale Para Enfrente De Inmediato,adelante,null
prendida,lenta,Pa Atras,atras,null
adelante,detenida,Reduce La Velocidad En Corto Ahorita?,adelante,lenta
prendida,detenida,Oye voltEa a la IzquIerDa...,izquierda,null
adelante + izquierda,normal,PA eNFrente,adelante,normal
adelante,lenta,hey derecha,adelante + derecha,lenta
adelante + derecha,lenta,CONTINUA HACIA ADELANTE AHORA,adelante,lenta
prendida,detenida,ve hacia atras,atras,null
prendida,detenida,dale adelante ahorita,adelante,null
prendida,rapido,dale adelante,adelante,null
adelante,normal,a la izquierda ahora,adelante + izquierda,normal
adelante + izquierda,normal,A La Derecha...,adelante,normal
adelante + izquierda,rapido,Mueve A La Derecha De Inmediato,adelante,rapido
adelante,rapido,modo normal ya ahorita,adelante,normal
prendida,rapido,REVERSA DE INMEDIATO,atras,null
adelante,lenta,voltea a la derecha ahora,adelante + derecha,lenta
prendida,detenida,derecho con cuidado,adelante,lenta
prendida,detenida,para adelante a velocidad normal,adelante,normal
izquierda,lenta,reduce un poco la velocidad,izquierda,normal
prendida,detenida,silla a la izquierda lento,izquierda,lenta
adelante,rapido,mueve a la izquierda,adelante + izquierda,rapido
prendida,detenida,apaga en este momento,apagar,detenida
adelante,rapido,Dobla A La Izquierda Por Favor!!,adelante + izquierda,rapido
prendida,detenida,Gira A La Izquierda,izquierda,null
prendida,lenta,oye ve despacio en este momento ya?,null,lenta
adelante,rapido,por favor dobla a la izquierda,adelante + izquierda,rapido
prendida,detenida,silla desconectate en friega,apagar,detenida
adelante + derecha,normal,Oye Continua Hacia Adelante!!,adelante,normal
prendida,detenida,hey rueda hacia adelante a velocidad normal por favor,adelante,normal
adelante,rapido,gira derecha!!,adelante + derecha,rapido
adelante + izquierda,normal,derecha por favor,adelante,normal
prendida,detenida,MUEVETE EN REVERSA APURATE,atras,rapido
adelante,lenta,Oye Dobla A La Derecha,adelante + derecha,lenta
prendida,detenida,ve hacia atras rapido,atras,rapido
adelante + izquierda,rapido,por favor a la derecha ahorita,adelante,rapido
adelante + izquierda,rapido,oye voltea a la derecha ahora,adelante,rapido
adelante,rapido,a velocidad normal de inmediato,adelante,normal
prendida,detenida,silla para enfrente acelera mas??,adelante,rapido
prendida,detenida,SILLA MUEVETE PARA LA IZQUIERDA LENTO,izquierda,lenta
prendida,normal,oye no tan rapido de una ahora,null,lenta
prendida,detenida,HEy ve pAra enfrente dE iNMEdiato,adelante,normal
prendida,detenida,por favor hazte para atras,atras,null
prendida,detenida,silla ve de frente con cuidado ya,adelante,lenta
apagado,detenida,arranca,prender,detenida
adelante + derecha,rapido,hey gira a la izquierda ahora,adelante,rapido
atras,lenta,Silla Con Calma En Corto,atras,lenta
prendida,lenta,Mete Mas Velocidad De Una Ahorita!,null,rapido
prendida,detenida,Continua Hacia Adelante,adelante,null
adelante,normal,silla dobla a la derecha!,adelante + derecha,normal
prendida,detenida,dobla pa' la izquierda normal de inmediato,izquierda,normal
adelante,normal,Gira Derecha Por Favor,adelante + derecha,normal
adelante,normal,a la derecha ahorita,adelante + derecha,normal
prendida,lenta,mete mas velocidad en corto,null,rapido
adelante + izquierda,normal,avanza un poco,adelante,normal
atras,normal,con mas velocidad ya,atras,rapido
prendida,lenta,para atras ahorita??,atras,null
atras,lenta,normal en friega,atras,normal
prendida,detenida,dale adelante...,adelante,null
adelante,lenta,hey subele la velocidad en friega,adelante,rapido
prendida,detenida,silla ve de reversa mete velocidad,atras,rapido
adelante,lenta,mueve a la izquierda ya.,adelante + izquierda,lenta
prendida,normal,silla hazte para atras ahorita,atras,null
atras,normal,MODO NORMAL YA AHORA.,atras,normal
prendida,lenta,por favor manten velocidad normal ya?,null,normal
derecha,rapido,hey ponlo normal de inmediato,derecha,normal
adelante,detenida,silla derecha,adelante + derecha,detenida
adelante,lenta,voltea a la izquierda ya,adelante + izquierda,lenta
prendida,detenida,apaga en corto ahora!!,apagar,detenida
prendida,detenida,para atras con mas velocidad,atras,rapido
prendida,detenida,oye gira a la derecha,derecha,null
adelante,detenida,voltea a la izquierda ahora...,adelante + izquierda,detenida
adelante + derecha,detenida,por favor izquierda,adelante,detenida
adelante + derecha,rapido,POR FAVOR PARA ENFRENTE...,adelante,rapido
prendida,detenida,voltea a la izquierda ahora,izquierda,null
adelante,normal,hey a velocidad normal de una,adelante,normal
prendida,detenida,sigue hacia atras por favor,atras,normal
prendida,lenta,por favor aumenta la velocidad en este momento.,null,rapido
apagado,detenida,ARRANCA YA,prender,detenida
prendida,detenida,oye ve hacia adelante velocidad normal ahorita,adelante,normal
prendida,detenida,por favor vamos adelante ahorita!!,adelante,null
adelante + derecha,normal,hey para enfrente ahorita,adelante,normal
adelante,normal,mueve a la derecha ahora,adelante + derecha,normal
prendida,detenida,hey sigue adelante,adelante,null
prendida,detenida,OYE HAZTE PARA ATRAS POR FAVOR!,atras,null
prendida,detenida,apagate en friega,apagar,detenida
prendida,lenta,por favor normal en friega,null,normal
prendida,detenida,hey muevete adelante,adelante,null
prendida,detenida,por favor retrocede,atras,null
prendida,detenida,silla descansa,apagar,detenida
adelante,lenta,mueve a la derecha,adelante + derecha,lenta
prendida,detenida,oye echale de reversa mete velocidad,atras,rapido
adelante,lenta,Derecha,adelante + derecha,lenta
atras,lenta,velocidad normal ahorita,atras,normal
prendida,detenida,SILLA VOLTEA A LA DERECHA YA,derecha,null
adelante + izquierda,normal,gira derecha de inmediato,adelante,normal
apagado,detenida,arranca de una ahora!,prender,detenida
adelante,lenta,mas rapido ya,adelante,rapido
adelante,detenida,oye mueve a la izquierda,adelante + izquierda,detenida
adelante,rapido,reduce un poco la velocidad,adelante,normal
prendida,detenida,APAGUETE,apagar,detenida
adelante,normal,gira izquierda,adelante + izquierda,normal
prendida,detenida,por favor da reversa,atras,null
adelante,detenida,silla manten velocidad normal ahora,adelante,normal
prendida,normal,despacio,null,lenta
prendida,detenida,por favor a la izquierda,izquierda,null
prendida,detenida,por favor derecha lenta!,derecha,lenta
izquierda,normal,silla a velocidad normal ya,izquierda,normal
adelante,normal,gira izquierda de inmediato,adelante + izquierda,normal
prendida,normal,Oye Echale Para Enfrente,adelante,null
adelante + derecha,lenta,avanza un poco ahora,adelante,lenta
adelante + derecha,normal,muevete adelante,adelante,normal
adelante,lenta,hey mueve a la izquierda,adelante + izquierda,lenta
prendida,detenida,hey baja la velocidad ya,null,lenta
prendida,normal,lenta de inmediato,null,lenta
adelante + izquierda,lenta,voltea a la derecha,adelante,lenta
derecha,detenida,silla normal ya!!,derecha,normal
prendida,detenida,gira a la derecha con cuidado por favor,derecha,lenta
atras,lenta,Aumenta La Velocidad Ya Ya...,atras,rapido
apagado,detenida,hey inicia de inmediato,prender,detenida
prendida,detenida,echale para enfrente,adelante,null
prendida,detenida,Silla Adelantate A Velocidad Normal,adelante,normal
prendida,detenida,reversa,atras,null
adelante + derecha,lenta,Mueve a la izquierda Ya,adelante,lenta
adelante,normal,por favor a la izquierda,adelante + izquierda,normal
prendida,detenida,Apagar Ahorita,apagar,detenida
prendida,normal,hey subele la velocidad en corto??,null,rapido
prendida,detenida,muevete adelante,adelante,null
prendida,detenida,silla para la derecha rapido ya,derecha,rapido
adelante,detenida,hey muevE a la derecha por Favor,adelante + derecha,detenida
atras,normal,hey SUbele LA veLoCidad en friegA,atras,rapido
apagado,detenida,oye enciendete ahorita,prender,detenida
prendida,detenida,rueda hacia atras con mas velocidad.,atras,rapido
atras,normal,no tan rapido de inmediato,atras,lenta
prendida,detenida,Ve Hacia Atras,atras,null
adelante + derecha,normal,Ve Hacia Adelante,adelante,normal
prendida,detenida,dale derecho mete velocidad ahorita,adelante,rapido
prendida,detenida,arrancate hacia adelante con cuidado ya,adelante,lenta
prendida,detenida,por favor gira a la izquierda,izquierda,null
prendida,detenida,atras ponlo normal ahorita,atras,normal
adelante,lenta,por favor izquierda ahora.,adelante + izquierda,lenta
adelante,normal,Dobla A La Derecha De Inmediato,adelante + derecha,normal
prendida,lenta,velocidad normal ahora,null,normal
prendida,detenida,dobla a la derecha suavecito?,derecha,lenta
prendida,detenida,vamos adelante,adelante,null
adelante,normal,GIRA IZQUIERDA,adelante + izquierda,normal
prendida,detenida,a la derecha ahora,derecha,null
prendida,detenida,voltea a la izquierda ya??,izquierda,null
adelante + derecha,rapido,hey mueve a la izquierda por favor?,adelante,rapido
prendida,detenida,avanza de inmediato,adelante,null
prendida,detenida,oye apaga de inmediato!,apagar,detenida
apagado,detenida,enciendete ahorita,prender,detenida
prendida,detenida,VE HACIA ADELANTE,adelante,null
adelante,rapido,por favor reduce la velocidad en friega,adelante,lenta
adelante,detenida,hey mete velocidad,adelante,rapido
atras,lenta,hey manten velocidad normal en friega de inmediato,atras,normal
atras,rapido,oye con calma,atras,lenta
adelante,rapido,voltea a la izquierda ahora,adelante + izquierda,rapido
prendida,lenta,REVERSA.,atras,null
prendida,detenida,Continua Para Enfrente Mas Rapido Por Favor...,adelante,rapido
prendida,detenida,apaga en este momento??,apagar,detenida
prendida,detenida,Vamos Atras,atras,null
atras,normal,hey reduce la velocidad de una de inmediato,atras,lenta
prendida,detenida,retrocede normal,atras,normal
prendida,detenida,rueda hacia adelante apurate,adelante,rapido
adelante,lenta,por favor voltea a la izquierda!,adelante + izquierda,lenta
apagado,detenida,silla enciendete de una ahora!,prender,detenida
prendida,detenida,para adelante normal,adelante,normal
apagado,detenida,Prende!,prender,detenida
prendida,detenida,echate para atras!,atras,null
adelante + derecha,normal,DOBLA A LA IZQUIERDA YA,adelante,normal
prendida,detenida,ve hacia adelante ahora,adelante,null
adelante,normal,silla mueve a la derecha,adelante + derecha,normal
prendida,detenida,Apaga De Inmediato,apagar,detenida
atras,lenta,silla aumenta la velocidad en friega,atras,rapido
prendida,detenida,ve de frente,adelante,normal
atras,normal,mas despacio,atras,lenta
prendida,rapido,por favor despacito,null,lenta
adelante + izquierda,normal,oye vamos adelante ya,adelante,normal
prendida,detenida,silla gira derecha,derecha,null
izquierda,detenida,modo normal ahorita?,izquierda,normal
adelante,normal,hey gira a la izquierda,adelante + izquierda,normal
adelante,rapido,por favor aumenta la velocidad en friega ya.,adelante,rapido
prendida,detenida,por favor desconectate en friega,apagar,detenida
prendida,detenida,apagate de una,apagar,detenida
adelante,normal,izquierda ya,adelante + izquierda,normal
adelante + izquierda,normal,por favor derecha ya,adelante,normal
adelante,normal,oye mas lento en este momento ahorita,adelante,lenta
prendida,detenida,hazte para atras,atras,null
atras,rapido,desacelera en este momento,atras,lenta
adelante,detenida,BAJA A NORMAL,adelante,normal
prendida,normal,hey adelante ya??,adelante,null
apagado,detenida,silla activate en este momento ahorita,prender,detenida
adelante,detenida,oye modo normal ahorita??,adelante,normal
prendida,detenida,en reversa tranqui,atras,lenta
prendida,detenida,regresate hacia atras,atras,normal
adelante + derecha,normal,AVANZA UN POCO YA,adelante,normal
adelante,lenta,oye dobla a la derecha ahorita,adelante + derecha,lenta
prendida,detenida,oye pa enfrente ahora,adelante,null
prendida,detenida,retrocede,atras,null
atras,detenida,subele la velocidad de una ahorita?,atras,rapido
prendida,detenida,arrancate pa' atras,atras,normal
adelante,rapido,baja la velocidad?,adelante,lenta
prendida,detenida,hey adelantate a velocidad normal,adelante,normal
prendida,detenida,hey izquierda,izquierda,null
prendida,detenida,OYE A LA IZQUIERDA POR FAVOR,izquierda,null
adelante + izquierda,rapido,por favor adelante,adelante,rapido
adelante,rapido,dobla a la izquierda ya,adelante + izquierda,rapido
adelante + izquierda,rapido,mueve a la derecha,adelante,rapido
apagado,detenida,hey activate en corto,prender,detenida
apagado,detenida,enciende,prender,detenida
atras,rapido,ve despacio de inmediato...,atras,lenta
prendida,detenida,oye a la derecha mas rapido ahorita,derecha,rapido
atras,lenta,oye lenta ahora,atras,lenta
prendida,normal,oye retrocede ahorita,atras,null
adelante,rapido,DOBLA A LA DERECHA,adelante + derecha,rapido
prendida,detenida,Al LaDo izquieRdo suavecitO!!,izquierda,lenta
prendida,rapido,hey manten velocidad normal ahora,null,normal
apagado,detenida,oye PrEnDeTe ahorita de iNmediATo,prender,detenida
prendida,detenida,hey atras despacio ahora,atras,lenta
adelante,normal,SUBE LA VELOCIDAD AHORITA,adelante,rapido
prendida,detenida,muevetE ADelante,adelante,null
prendida,detenida,dale adelante,adelante,null
atras,rapido,bajale la velocidad de inmediato ahora...,atras,lenta
prendida,detenida,atras ahorita,atras,null
izquierda,rapido,oYe modo normaL aHOrIta de inmEdiato,izquierda,normal
prendida,detenida,silla recula de inmediato,atras,null
atras,lenta,desacelera en corto...,atras,lenta
prendida,detenida,apaga de una...,apagar,detenida
prendida,detenida,silla dale de frente normal,adelante,normal
prendida,detenida,oye rueda para enfrente despacio,adelante,lenta
prendida,detenida,De Reversa Despacito,atras,lenta
prendida,detenida,hey muevete en reversa tranqui,atras,lenta
prendida,detenida,llegale al frente mas rapido por favor!!,adelante,rapido
prendida,detenida,por favor Mete mAs VeloCidAd de una,null,rapido
prendida,detenida,silla atras normal,atras,normal
prendida,detenida,muevete atras,atras,null
prendida,rapido,mas rapido en este momento,null,rapido
adelante + derecha,normal,mueve a la izquierda ya,adelante,normal
adelante + izquierda,rapido,MUEVE A LA DERECHA POR FAVOR,adelante,rapido
adelante + izquierda,rapido,giRA derechA,adelante,rapido
adelante,normal,NO TAN RAPIDO DE UNA,adelante,lenta
prendida,detenida,HEY LLEGALE DE FRENTE TRANQUI DE INMEDIATO!,adelante,lenta
prendida,detenida,desactivate de una!!,apagar,detenida
prendida,detenida,por favor adElAntaTe A vElocIdaD norMal ahora??,adelante,normal
prendida,rapido,echate para atras...,atras,null
derecha,detenida,apurate por favor,derecha,rapido
prendida,detenida,Oye Reversa,atras,null
prendida,detenida,RETROCEDE METE VELOCIDAD AHORA,atras,rapido
prendida,detenida,tuerce al lado derecho apurate por favor,derecha,rapido
adelante + izquierda,rapido,Ve Hacia Adelante De Inmediato,adelante,rapido
prendida,detenida,silla rueda de frente rapido ya,adelante,rapido
prendida,detenida,hiberna ahora,apagar,detenida
prendida,detenida,oye da reversa,atras,null
prendida,detenida,hazte para atras lento ahorita!!,atras,lenta
adelante,normal,VELOCIDAD NORMAL EN FRIEGA AHORA,adelante,normal
adelante + derecha,lenta,hey gira izquierda!,adelante,lenta
adelante,lenta,voltea a la derecha ya,adelante + derecha,lenta
apagado,detenida,enciende en corto,prender,detenida
prendida,detenida,silla muevete hacia la derecha normal?,derecha,normal
adelante + derecha,normal,muevete adelante por favor,adelante,normal
prendida,detenida,Vamos Atras,atras,null
prendida,detenida,silla sigue adelante de inmediato,adelante,null
adelante + derecha,normal,OYE DOBLA A LA IZQUIERDA AHORA!!,adelante,normal
prendida,detenida,muevete pa' atras,atras,normal
adelante + derecha,normal,DObLa a la izquIerdA de inmediatO,adelante,normal
atras,rapido,Por Favor Disminuye La Velocidad Ahora,atras,normal
prendida,detenida,hey hacia atras a velocidad normal,atras,normal
adelante,normal,hey dobla a la derecha ahora,adelante + derecha,normal
adelante,normal,DESACELERA EN CORTO,adelante,lenta
adelante,normal,oye a la izquierda por favor,adelante + izquierda,normal
derecha,rapido,a velocidad normal ahorita,derecha,normal
prendida,detenida,oye pa enfrente ya,adelante,null
prendida,detenida,gira derecha,derecha,null
adelante + derecha,lenta,Oye Gira A La Izquierda Ahora,adelante,lenta
adelante,lenta,con mas velocidad ahorita??,adelante,rapido
prendida,detenida,hey sigue adelante,adelante,null
prendida,detenida,recula de inmediato,atras,null
adelante + derecha,lenta,silla a la izquierda,adelante,lenta
adelante + derecha,rapido,por favor para enfrente??,adelante,rapido
prendida,detenida,apagate ya,apagar,detenida
adelante + izquierda,rapido,hey gira derecha ahorita!!,adelante,rapido
prendida,detenida,para enfrente??,adelante,null
atras,detenida,REDUCE LA VELOCIDAD EN ESTE MOMENTO AHORITA,atras,lenta
adelante,lenta,hey acelera de inmediato ahora,adelante,rapido
adelante,lenta,MUEVE A LA DERECHA,adelante + derecha,lenta
adelante + derecha,lenta,hey echale para enfrente,adelante,lenta
prendida,detenida,silla apaga en corto ahorita,apagar,detenida
prendida,detenida,vamos atras,atras,null
prendida,detenida,vamos atras por favor,atras,null
prendida,detenida,cierra en corto por favor,apagar,detenida
prendida,detenida,por favor avanza un poco ahora,adelante,null
adelante,normal,voltea a la izquierda.,adelante + izquierda,normal
prendida,lenta,hey incrementa la velocidad,null,rapido
atras,rapido,modo normal ahora,atras,normal
prendida,detenida,reduce la velocidad ya,null,lenta
apagado,detenida,por favor prende de una,prender,detenida
prendida,detenida,regresate de reversa de inmediato,atras,normal
prendida,detenida,oye dale adelante,adelante,null
adelante + izquierda,normal,derecha por favor,adelante,normal
atras,rapido,reduce velocidad?,atras,lenta
prendida,detenida,hey pa' atras suavecito,atras,lenta
prendida,detenida,silla para enfrente,adelante,normal
adelante + derecha,normal,silla a la izquierda ya,adelante,normal
prendida,detenida,avanza un poco ya.,adelante,null
prendida,detenida,Apagate Ahorita Ahora.,apagar,detenida
prendida,detenida,dale para atras despacito,atras,lenta
adelante,rapido,silla bajale la velocidad de una por favor,adelante,lenta
prendida,normal,para enfrente ya!,adelante,null
prendida,detenida,oye muevete atras??,atras,null
atras,detenida,lenta,atras,lenta
prendida,detenida,apagate ahorita,apagar,detenida
prendida,detenida,pa atras,atras,null
prendida,detenida,silla ve hacia adelante con calma,adelante,lenta
apagado,detenida,oye enciende la silla,prender,detenida
izquierda,rapido,manten velocidad normal en friega,izquierda,normal
prendida,detenida,para adelante suavecito ahora,adelante,lenta
adelante + izquierda,rapido,hey pa enfrente ahorita!,adelante,rapido
prendida,detenida,oyE VaMos adelante aHOrIta,adelante,null
apagado,detenida,Oye Prender,prender,detenida
adelante + izquierda,normal,echale para enfrente ahora,adelante,normal
adelante,normal,por favor nOrmAl en frIEGa ahoRa??,adelante,normal
prendida,lenta,Por Favor Avanza Un Poco,adelante,null
prendida,rapido,Con Cuidado,null,lenta
adelante,lenta,a la derecha por favor.,adelante + derecha,lenta
adelante + izquierda,lenta,a la derecha,adelante,lenta
adelante,lenta,silla manten velocidad normal en friega ahorita,adelante,normal
apagado,detenida,por favor prende ahora,prender,detenida
prendida,detenida,por favor voltea al lado izquierdo mete velocidad,izquierda,rapido
prendida,detenida,oye para atras mete velocidad.,atras,rapido
adelante,rapido,derecha,adelante + derecha,rapido
adelante,rapido,mueve a la izquierda ahora!,adelante + izquierda,rapido
adelante,normal,SILLA DERECHA...,adelante + derecha,normal
prendida,detenida,silla gira a la izquierda ahora,izquierda,normal
prendida,detenida,dobla a la izquierda ahorita.,izquierda,null
prendida,normal,MODO NORMAL YA...,null,normal
adelante + derecha,normal,por FAvor Gira A La izquierda,adelante,normal
adelante + izquierda,normal,muevete adelante ahorita,adelante,normal
prendida,detenida,derecha,derecha,null
adelante,normal,Aumenta La Velocidad Ya Ya,adelante,rapido
atras,lenta,reduce la velocidad ahora ahora,atras,lenta
adelante + izquierda,detenida,HEY GIRA DERECHA AHORITA,adelante,detenida
atras,detenida,con calma de inmediato ahorita,atras,lenta
prendida,rapido,MANTEN VELOCIDAD NORMAL EN FRIEGA DE INMEDIATO,null,normal
adelante,lenta,despacio,adelante,lenta
prendida,detenida,por favor apagate en friega,apagar,detenida
prendida,lenta,oye modo normal ya,null,normal
prendida,detenida,mas despacio ya,null,lenta
prendida,rapido,para atras por favor,atras,null
prendida,detenida,echale para enfrente ya,adelante,null
adelante + derecha,lenta,gira izquierda,adelante,lenta
adelante,normal,mueve a la derecha ahorita,adelante + derecha,normal
adelante,normal,mas rapido ya ahorita,adelante,rapido
atras,normal,subeLe la velOcIDad En este mOMento,atras,rapido
adelante,normal,dobla a la derecha de inmediato,adelante + derecha,normal
prendida,detenida,para adElaNte mEte VelociDAd ahorita,adelante,rapido
prendida,detenida,oye regresate de reversa a velocidad normal ya,atras,normal
apagado,detenida,por favor prende ahora,prender,detenida
atras,normal,No Tan Rapido Ya,atras,lenta
atras,detenida,con mas velocidad ahora,atras,rapido
prendida,rapido,hey aumenta la velocidad ya de inmediato,null,rapido
adelante,lenta,a la izquierda ya,adelante + izquierda,lenta
prendida,detenida,desconectate de inmediato ahorita,apagar,detenida
prendida,lenta,desacelera en este momento ahorita?,null,lenta
adelante,normal,VOLTEA A LA IZQUIERDA YA,adelante + izquierda,normal
atras,rapido,por favor modo normal ahorita de inmediato,atras,normal
adelante,normal,gira a la derecha ahora...,adelante + derecha,normal
prendida,detenida,heY reGresAte pA' atrAs tranqui,atras,lenta
prendida,detenida,revErSa velocidad nOrmal ahora,atras,normal
atras,normal,con cuidado ahorita,atras,lenta
adelante + derecha,rapido,silla ve hacia adelante ahora,adelante,rapido
prendida,detenida,a velocidad normal de una!,null,normal
adelante + izquierda,normal,voltea a la derecha ahorita,adelante,normal
prendida,lenta,silla modo normal ya.,null,normal
apagado,detenida,arranca,prender,detenida
prendida,lenta,hey dale adelante.,adelante,null
prendida,rapido,SILLA CON MAS VELOCIDAD EN CORTO,null,rapido
prendida,detenida,echale de frente con cuidado,adelante,lenta
adelante,normal,A VELOCIDAD NORMAL EN ESTE MOMENTO,adelante,normal
prendida,detenida,llegale hacia adelante con mas velocidad,adelante,rapido
prendida,detenida,oye da vuelta para la derecha lento,derecha,lenta
prendida,detenida,Hey Gira A La Derecha,derecha,null
adelante,lenta,silla con cuidado,adelante,lenta
prendida,normal,Silla Vamos Atras Ahorita,atras,null
prendida,lenta,oye dale adelante de inmediato,adelante,null
prendida,lenta,modo normal ahorita,null,normal
prendida,normal,SILLA VAMOS ATRAS.,atras,null
prendida,detenida,oye voltea a la izquierda acelera ya,izquierda,rapido
adelante + izquierda,lenta,hey dale adelante,adelante,lenta
prendida,rapido,echate para atras,atras,null
prendida,detenida,oye mUeveTe para enfRente ya,adelante,normal
adelante,normal,izquierda de inmediato,adelante + izquierda,normal
prendida,detenida,por favor muevete adelante,adelante,null
apagado,detenida,hey encender,prender,detenida
prendida,detenida,silla avanza ahorita,adelante,null
prendida,normal,hey modo normal ahora por favor,null,normal
prendida,normal,hey mete mas velocidad ahora,null,rapido
prendida,rapido,desacelera de inmediato ahorita,null,lenta
apagado,detenida,ArrAncA En coRto de InmediAto,prender,detenida
apagado,detenida,SILLA ARRANCA AHORITA...,prender,detenida
prendida,detenida,Cierra En Corto,apagar,detenida
adelante + derecha,lenta,dobla a la izquierda ahorita,adelante,lenta
adelante,rapido,Dobla A La Izquierda,adelante + izquierda,rapido
prendida,detenida,rueda hacia adelante mete velocidad ya,adelante,rapido
prendida,detenida,por favor bajale la velocidad??,null,lenta
derecha,lenta,por favor con mas velocidad,derecha,rapido
prendida,normal,con mas velocidad en este momento ahorita,null,rapido
prendida,detenida,oye rueda para enfrente despacio ahorita,adelante,lenta
adelante,normal,silla gira a la derecha por favor,adelante + derecha,normal
atras,detenida,no tan rapido en corto,atras,lenta
prendida,detenida,ve de frente despacito,adelante,lenta
adelante,normal,hey dobla a la derecha ahorita,adelante + derecha,normal
prendida,detenida,por favor echale para enfrente de inmediato,adelante,null
prendida,detenida,hey para atras,atras,null
adelante,rapido,desacelera en corto,adelante,lenta
adelante,rapido,por favor con mas velocidad en este momento,adelante,rapido
atras,detenida,bajale la velocidad de inmediato,atras,lenta
prendida,normal,por favor retrocede,atras,null
adelante,normal,nOrmal,adelante,normal
prendida,detenida,hey ve hacia adelante ya??,adelante,null
prendida,detenida,silla sigue en reversa suavecito??,atras,lenta
atras,normal,a velocidad normal ahorita,atras,normal
prendida,detenida,avanza,adelante,null
prendida,detenida,hey gira a la izquierda por favor,izquierda,null
prendida,detenida,para atras a velocidad normal por favor.,atras,normal
adelante,normal,silla izquierda,adelante + izquierda,normal
prendida,detenida,desconectate ahora,apagar,detenida
prendida,detenida,hey dale para adelante con calma,adelante,lenta
atras,rapido,a velocidad normal ya,atras,normal
adelante,detenida,a lA derEcHA,adelante + derecha,detenida
prendida,detenida,muevete atras,atras,null
adelante,normal,por favor mueve a la izquierda ahora,adelante + izquierda,normal
prendida,detenida,hey tuerce a la izquierda,izquierda,normal
prendida,detenida,silla voltea a la izquierda!!,izquierda,null
adelante + izquierda,rapido,silla voltea a la derecha,adelante,rapido
prendida,normal,silla muevete atras,atras,null
adelante + derecha,normal,a la izquierda por favor,adelante,normal
atras,lenta,hey reduce un poco la velocidad por favor,atras,normal
apagado,detenida,hey pRende de unA,prender,detenida
adelante,normal,mUeve a la IzquIerDa,adelante + izquierda,normal
atras,detenida,hey manten velocidad normal ahorita ahorita,atras,normal
prendida,detenida,Pa' Atras Tranqui Ahora...,atras,lenta
adelante,normal,giRa IZquiErda PoR FAVor,adelante + izquierda,normal
adelante,normal,baja la velocidad,adelante,lenta
prendida,detenida,por favor continua al frente despacito,adelante,lenta
prendida,detenida,hey da marcha atras ahorita,atras,normal
prendida,detenida,SIGUE ADELANTE DE INMEDIATO,adelante,null
prendida,rapido,oye continua hacia adelante,adelante,null
adelante,lenta,gira a la izquierda...,adelante + izquierda,lenta
prendida,detenida,a veLocidad normal ahorita,null,normal
adelante,detenida,silla a velocidad normal en este momento,adelante,normal
prendida,detenida,cierra ahorita ahorita,apagar,detenida
apagado,detenida,prendete ahorita,prender,detenida
prendida,detenida,hey voltea a la derecha,derecha,null
prendida,detenida,Silla Continua Al Frente A Velocidad Normal,adelante,normal
prendida,detenida,recula,atras,null
prendida,detenida,MUEVETE PARA LA IZQUIERDA RAPIDO,izquierda,rapido
prendida,detenida,sigue hacia adelante rapido ya,adelante,rapido
prendida,detenida,silla muevete para enfrente mete velocidad de inmediato??,adelante,rapido
prendida,detenida,muevete adelante por favor,adelante,null
prendida,detenida,hey dale adelante,adelante,null
derecha,detenida,ponlo normal ahorita,derecha,normal
prendida,detenida,ve hacia atras ponlo normal,atras,normal
adelante,lenta,oye mas despacio de inmediato,adelante,lenta
prendida,detenida,ve para la izquierda apurate,izquierda,rapido
prendida,detenida,hacia atras con calma por favor,atras,lenta
adelante,lenta,izquierda!!,adelante + izquierda,lenta
prendida,detenida,por favor apaga en corto!!,apagar,detenida
prendida,detenida,hey con calma ahorita ya,null,lenta
derecha,rapido,silla no tan rapido en corto,derecha,lenta
prendida,detenida,avanza de inmediato,adelante,null
apagado,detenida,eNcIeNdete,prender,detenida
derecha,normal,mete mas velocidad,derecha,rapido
prendida,detenida,arrancate de frente,adelante,normal
prendida,detenida,silla muevete adelante,adelante,null
prendida,detenida,silla APaGate ahoRita,apagar,detenida
prendida,detenida,por favor bajale la velocidad,null,lenta
adelante,detenida,REDUCE LA VELOCIDAD EN FRIEGA YA,adelante,lenta
adelante + derecha,lenta,silla dobla a la izquierda por favor,adelante,lenta
apagado,detenida,silla inicia,prender,detenida
adelante + izquierda,normal,Silla Derecha??,adelante,normal
izquierda,normal,hey normal ya,izquierda,normal
prendida,detenida,oye avanza por favor,adelante,null
prendida,normal,oye muevete adelante,adelante,null
izquierda,lenta,ve despacio ahorita por favor,izquierda,lenta
prendida,detenida,Silla Duerme,apagar,detenida
prendida,detenida,mUeVe a la izquieRda ahora,izquierda,null
atras,rapido,por favor a velocidad normal ahorita,atras,normal
prendida,detenida,hey a la derecha,derecha,null
prendida,detenida,hey para atras lento ahorita,atras,lenta
apagado,detenida,oye arranca ahorita,prender,detenida
prendida,detenida,mete mas velocidad ya por favor?,null,rapido
adelante,rapido,voltea a la deRecHa De inmedIaTO,adelante + derecha,rapido
adelante,rapido,gira a la derecha??,adelante + derecha,rapido
adelante + derecha,lenta,hey voltea a la izquierda!,adelante,lenta
prendida,detenida,Hey Cierra En Friega,apagar,detenida
adelante + derecha,rapido,vamos adelante.,adelante,rapido
adelante,lenta,modo normal ahorita ahorita,adelante,normal
prendida,detenida,de reversa ya,atras,normal
prendida,detenida,por favor regresate hacia atras despacio,atras,lenta
derecha,normal,silla mas rapido ya ahora,derecha,rapido
prendida,detenida,sIgue aL FrEnTe rApIdo ya,adelante,rapido
prendida,normal,no Tan rapido de iNmedIaTO,null,lenta
prendida,normal,oye manten velocidad normal ya de inmediato,null,normal
apagado,detenida,INICIA EN FRIEGA!,prender,detenida
prendida,detenida,dobla para la izquierda,izquierda,normal
prendida,normal,retrocede,atras,null
atras,lenta,hey aumenta la velocidad ahorita,atras,rapido
adelante,normal,Oye Ve Despacio Ahorita,adelante,lenta
prendida,detenida,por favor atras,atras,null
apagado,detenida,arranca de una,prender,detenida
prendida,detenida,dale adelAnTe rapIdo ahorita,adelante,rapido
prendida,detenida,oye pa atras ahora,atras,null
apagado,detenida,silla enciendete de una.,prender,detenida
apagado,detenida,por favor enciende ahora,prender,detenida
prendida,normal,silla no tan rapido en este momento,null,lenta
prendida,detenida,pa' atras despacito,atras,lenta
prendida,detenida,silla cierra en friega,apagar,detenida
prendida,detenida,hey dale adelante lenta,adelante,lenta
prendida,detenida,para enfrente ahora!!,adelante,null
adelante + derecha,rapido,por favor gira izquierda,adelante,rapido
prendida,detenida,a la izquierda?,izquierda,null
adelante,rapido,SILLA A VELOCIDAD NORMAL YA,adelante,normal
prendida,rapido,oye con mas velocidad ahora!!,null,rapido
adelante,lenta,DOBLA A LA IZQUIERDA,adelante + izquierda,lenta
prendida,detenida,Retrocede Ahora,atras,null
prendida,detenida,oye poNtE EN reversa mAs RaPIdo??,atras,rapido
prendida,detenida,oye da reversa velocidad normal,atras,normal
apagado,detenida,enciende ahora,prender,detenida
adelante,lenta,mete mas velocidad ahora,adelante,rapido
prendida,detenida,para enfrente suavecito,adelante,lenta
prendida,lenta,Silla Pa Atras De Inmediato,atras,null
prendida,detenida,mete mas VeloCidad de una,null,rapido
prendida,detenida,oye derecha de inmediato,derecha,null
prendida,rapido,ve despacio ahorita por favor,null,lenta
adelante,normal,dobla a la izquierda,adelante + izquierda,normal
prendida,detenida,da marcha atras a velocidad normal,atras,normal
adelante + izquierda,rapido,silla gira a la derecha,adelante,rapido
adelante + derecha,normal,izQuierdA,adelante,normal
prendida,detenida,Ve Hacia Adelante?,adelante,null
prendida,lenta,atras,atras,null
derecha,normal,MANTEN VELOCIDAD NORMAL AHORITA POR FAVOR,derecha,normal
prendida,normal,CONTINUA HACIA ADELANTE,adelante,null
apagado,detenida,silla ACtivaTE en cOrTo,prender,detenida
atras,lenta,bajale la velocidad de una,atras,lenta
prendida,detenida,manten velocidad normal en friega...,null,normal
prendida,normal,hey para enfrente ya...,adelante,null
adelante,rapido,por favor gira derecha ahorita,adelante + derecha,rapido
prendida,detenida,RECULA,atras,null
prendida,detenida,PAra atRaS noRMal,atras,normal
adelante,rapido,bajale la velocidad ya,adelante,lenta
prendida,rapido,oye con mas velocIdAD ahora de inmediato,null,rapido
atras,detenida,por favor mete mas velocidad en corto,atras,rapido
prendida,detenida,oye hacia adelante suavecito,adelante,lenta
prendida,normal,pa atras por favor,atras,null
adelante,rapido,por favor con calma de una,adelante,lenta
adelante + derecha,lenta,mueve a la izquierda de inmediato,adelante,lenta
prendida,detenida,silla continua derecho tranqui,adelante,lenta
prendida,detenida,muevete hacia adelante apurate por favor,adelante,rapido
prendida,detenida,dale de reversa mas rapido,atras,rapido
prendida,detenida,oye echate para atras,atras,null
prendida,detenida,silla regresate pa' atras apurate ahora,atras,rapido
prendida,rapido,SILLA VE DESPACIO EN CORTO,null,lenta
prendida,lenta,mas lento en friega ya,null,lenta
prendida,detenida,retrocede ponlo normal por favor,atras,normal
prendida,detenida,echale para enfrente despacito de inmediato...,adelante,lenta
atras,lenta,por favor mas rapido en este momento??,atras,rapido
adelante,rapido,Voltea A La Derecha De Inmediato,adelante + derecha,rapido
prendida,normal,RETROCEDE AHORA,atras,null
atras,lenta,SUBELE LA VELOCIDAD AHORITA,atras,rapido
prendida,detenida,silla ve despacio ahorita,null,lenta
prendida,rapido,con mas velocidad de una!,null,rapido
adelante,lenta,SILLA CON MAS VELOCIDAD AHORITA,adelante,rapido
adelante + izquierda,lenta,para enfrente de inmediato!!,adelante,lenta
apagado,detenida,hey inicia de inmediato,prender,detenida
prendida,detenida,por favor muevete hacia la derecha,derecha,normal
adelante,normal,mete mas velocidad de inmediato de inmediato,adelante,rapido
prendida,detenida,Tuerce Pa' La Izquierda Apurate Ahora,izquierda,rapido
adelante,normal,mueve a la izquierda ahora,adelante + izquierda,normal
prendida,detenida,muevete pa' la derecha,derecha,normal
prendida,detenida,oye avaNzA Acelera,adelante,rapido
prendida,detenida,VOLTEA A LA IZQUIERDA YA,izquierda,null
adelante + derecha,rapido,hey gira a la izquierda ahorita,adelante,rapido
adelante + izquierda,rapido,a la derecha ahorita,adelante,rapido
adelante,rapido,silla dobla a la IzQuierda...,adelante + izquierda,rapido
prendida,normal,ATRAS DE INMEDIATO,atras,null
prendida,detenida,por favor muevete hacia atras apurate...,atras,rapido
adelante + izquierda,rapido,Por Favor Avanza Ahorita!!,adelante,rapido
prendida,lenta,para enfrente ya,adelante,null
izquierda,rapido,silla aumenta la velocidad de inmediato de inmediato,izquierda,rapido
adelante,normal,gIra izquierda,adelante + izquierda,normal
adelante,rapido,hey dobla a la izquierda,adelante + izquierda,rapido
adelante,normal,oye voltea a la derecha,adelante + derecha,normal
derecha,normal,mas lento de una,derecha,lenta
atras,detenida,silla subele la velocidad en este momento ahorita??,atras,rapido
atras,normal,Ve Despacio En Este Momento.,atras,lenta
adelante,lenta,VOLTEA A LA IZQUIERDA,adelante + izquierda,lenta
prendida,detenida,rueda rueda hacia atras,atras,normal
prendida,detenida,por favor para atras,atras,null
prendida,detenida,hey llegale de frente tranqui...,adelante,lenta
adelante,normal,oye mete mas velocidad en este momento,adelante,rapido
adelante + izquierda,lenta,dobla a la derecha!,adelante,lenta
adelante,normal,LENTO,adelante,lenta
atras,normal,manTen velocIDAd normal ahora,atras,normal
adelante,lenta,Silla A La Izquierda Ahora.,adelante + izquierda,lenta
atras,detenida,disminuye la velocidad a lento,atras,lenta
prendida,detenida,oye dobla a la derecha rapido,derecha,rapido
adelante + derecha,normal,gira izquierda!,adelante,normal
prendida,detenida,pa atras ahorita,atras,null
prendida,detenida,DESCONECTATE AHORA DE INMEDIATO,apagar,detenida
prendida,detenida,hey en reversa apurate ahora??,atras,rapido
prendida,normal,oye pa enfrente!!,adelante,null
adelante,rapido,gira derecha de inmediato.,adelante + derecha,rapido
atras,lenta,CON MAS VELOCIDAD DE UNA!,atras,rapido
prendida,detenida,hiberna!!,apagar,detenida
prendida,detenida,dobla a la derecha con mas velocidad ya,derecha,rapido
adelante + derecha,normal,dale adelante por favor?,adelante,normal
prendida,detenida,silla muevete al frente despacio,adelante,lenta
adelante,rapido,oye mas rapido de una,adelante,rapido
prendida,detenida,reversa ahorita!!,atras,null
adelante + izquierda,normal,hey dobla a la derecha ahorita,adelante,normal
adelante + izquierda,lenta,GIRA A LA DERECHA AHORITA,adelante,lenta
atras,rapido,Reduce La Velocidad Ahora Por Favor...,atras,lenta
prendida,detenida,por favoR sigue aDelante,adelante,null
prendida,rapido,normal,null,normal
adelante,lenta,hey mueve a la derecha,adelante + derecha,lenta
prendida,detenida,hey apaga en este momento ya,apagar,detenida
atras,normal,hey ponlo normal ahorita,atras,normal
prendida,detenida,a LA derecha por fAvor,derecha,null
atras,lenta,bajale la velocidad ahora,atras,lenta
adelante,detenida,Izquierda,adelante + izquierda,detenida
prendida,detenida,para enfrente tranqui!,adelante,lenta
adelante,normal,hey dobla a la derecha ahora,adelante + derecha,normal
adelante,normal,por favor mueve a la derecha,adelante + derecha,normal
atras,detenida,con mas velocidad ahora,atras,rapido
adelante,lenta,hey manten velocidad normal ahora,adelante,normal
prendida,detenida,muevete para enfrente mete velocidad ya!!,adelante,rapido
prendida,detenida,oyE cIerra en friEga ya,apagar,detenida
adelante,detenida,Oye Reduce La Velocidad De Una Por Favor!!,adelante,lenta
prendida,normal,Silla Adelante,adelante,null
adelante + derecha,lenta,GIRA IZQUIERDA POR FAVOR,adelante,lenta
prendida,detenida,oye echale de reversa por favor,atras,normal
prendida,lenta,oYE dESacelerA de una ya,null,lenta
prendida,detenida,vamos adelante ya,adelante,null
prendida,lenta,para atras,atras,null
prendida,detenida,Ve haCia atras rapidO,atras,rapido
adelante,normal,MUEVE A LA IZQUIERDA YA,adelante + izquierda,normal
prendida,lenta,no tan rapido de una ya!!,null,lenta
adelante + derecha,normal,izquierda!,adelante,normal
adelante,normal,gira derecha ahora,adelante + derecha,normal
adelante,normal,gira izquierda ya,adelante + izquierda,normal
prendida,detenida,para atras mas rapido por favor,atras,rapido
adelante,normal,hey con mas velocidad de una,adelante,rapido
prendida,lenta,hey vamos adelante de inmediato,adelante,null
prendida,detenida,por favor muevete adelante,adelante,null
adelante,lenta,OYE GIRA IZQUIERDA!!,adelante + izquierda,lenta
prendida,detenida,ve para atras lento ahora!!,atras,lenta
adelante,lenta,hey gira derecha,adelante + derecha,lenta
prendida,lenta,por favor con calma de una,null,lenta
prendida,detenida,gira a la izquierda!!,izquierda,null
prendida,detenida,silla en reversa suavecito,atras,lenta
adelante,normal,hey izquierda,adelante + izquierda,normal
prendida,detenida,ve de reversa a velocidad normal,atras,normal
prendida,lenta,ve hacia atras ahora,atras,null
prendida,lenta,OYE METE MAS VELOCIDAD EN ESTE MOMENTO,null,rapido
prendida,detenida,continua derecho,adelante,normal
apagado,detenida,Arranca Ya Por Favor...,prender,detenida
apagado,detenida,silla activate en este momento,prender,detenida
adelante + izquierda,normal,avanza un poco ya,adelante,normal
prendida,detenida,para atras despacito.,atras,lenta
adelante,normal,silla gira a la derecha!,adelante + derecha,normal
prendida,detenida,Por Favor Dale Para Enfrente Con Mas Velocidad Ahorita,adelante,rapido
adelante,detenida,baja a normal,adelante,normal
prendida,detenida,cierra ahora ahora,apagar,detenida
atras,detenida,velocidad normal.,atras,normal
adelante,normal,hey a la derecha ahora?,adelante + derecha,normal
prendida,detenida,reduce la velocidad ya,null,lenta
prendida,detenida,hey a la derecha acelera mas ahora,derecha,rapido
atras,lenta,Silla Desacelera En Corto.,atras,lenta
atras,normal,subele la velocidad de una de inmediato,atras,rapido
apagado,detenida,prender,prender,detenida
adelante,normal,OYE VOLTEA A LA IZQUIERDA YA,adelante + izquierda,normal
prendida,detenida,llegale para atras con cuidado ahora,atras,lenta
prendida,detenida,retrocede despacito ahorita,atras,lenta
adelante,normal,dobla a la derecha ahorita,adelante + derecha,normal
prendida,detenida,rueda hacia adelante con mas velocidad,adelante,rapido
apagado,detenida,enciende ya ya,prender,detenida
adelante,rapido,reduce la velocidad ahorita,adelante,lenta
prendida,detenida,cierra en friega ahora,apagar,detenida
prendida,normal,Hey Con Mas Velocidad,null,rapido
adelante,normal,oye voltea a la derecha de inmediato,adelante + derecha,normal
apagado,detenida,prende de una,prender,detenida
prendida,detenida,silla a la izquierda lento,izquierda,lenta
adelante,detenida,dobla a la derecha??,adelante + derecha,detenida
prendida,normal,Hey Retrocede,atras,null
prendida,detenida,por favor apaga en este momento!,apagar,detenida
adelante,lenta,POR FAVOR MODO NORMAL,adelante,normal
prendida,rapido,por favor despacito!!,null,lenta
prendida,detenida,por favor llegale derecho con cuidado ahorita.,adelante,lenta
prendida,detenida,silla rueda hacia atras mas rapido,atras,rapido
prendida,detenida,continua al frente despacito ahora...,adelante,lenta
prendida,detenida,DALE DERECHO METE VELOCIDAD?,adelante,rapido
prendida,detenida,VAMOS ADELANTE,adelante,null
prendida,detenida,por favor muevete en reversa suavecito ya,atras,lenta
prendida,lenta,por favor subele la velocidad ya,null,rapido
atras,detenida,despacito ya,atras,lenta
adelante,rapido,por favor mas rapido en corto,adelante,rapido
atras,normal,velocidad normal en friega,atras,normal
prendida,detenida,apaga ahora por favor,apagar,detenida
adelante,normal,izquierda de inmediato,adelante + izquierda,normal
prendida,lenta,MUEVETE ADELANTE AHORITA,adelante,null
prendida,detenida,sigue adelante,adelante,null
prendida,detenida,hey RetrocEde yA,atras,null
adelante,rapido,silla dobla a la derecha,adelante + derecha,rapido
prendida,normal,mete velocidad,null,rapido
prendida,rapido,Por Favor Avanza Un Poco?,adelante,null
adelante,lenta,Por Favor A Velocidad Normal En Este Momento,adelante,normal
adelante,normal,derecha ya,adelante + derecha,normal
izquierda,detenida,modo normal ya ahorita,izquierda,normal
prendida,detenida,ve hacia adelante??,adelante,null
apagado,detenida,por favor inicia de inmediato ahora,prender,detenida
prendida,lenta,Oye da ReVersa!,atras,null
prendida,detenida,apagate,apagar,detenida
adelante,lenta,voltea a la derecha ahorita!,adelante + derecha,lenta
adelante,detenida,oye mas lento ahora,adelante,lenta
prendida,lenta,Oye Manten Velocidad Normal Ahora,null,normal
prendida,detenida,a la izquierda ponlo normal de inmediato,izquierda,normal
adelante,detenida,mas rapido,adelante,rapido
adelante,normal,oye voltea a la derecha de inmediato,adelante + derecha,normal
prendida,detenida,silla mUEveTe adelantE ahorita,adelante,null
prendida,detenida,apagate de una,apagar,detenida
prendida,detenida,desacelera ahorita ya,null,lenta
prendida,detenida,continua para atras,atras,normal
adelante,normal,gira a la izquierda por favor,adelante + izquierda,normal
prendida,detenida,Llegale De Reversa Mas Rapido!!,atras,rapido
prendida,detenida,silla ve hacia atras velocidad normal,atras,normal
prendida,detenida,para enfrente de inmediato,adelante,null
prendida,detenida,silla ve hacia atras,atras,null
prendida,detenida,por favor muevete hacia la izquierda apurate.,izquierda,rapido
prendida,detenida,por favor voltea a la izquierda ya,izquierda,null
derecha,rapido,silla subele la velocidad,derecha,rapido
prendida,detenida,GIRA A LA DERECHA AHORITA.,derecha,null
prendida,detenida,hey desacelera en este momento,null,lenta
adelante,normal,gira a la derecha por favor,adelante + derecha,normal
prendida,detenida,dA MArcha atrAs normal Ya,atras,normal
prendida,detenida,por favor apaguete,apagar,detenida
prendida,lenta,baJa a norMal.,null,normal
prendida,detenida,llegale para adelante normal,adelante,normal
prendida,normal,atras,atras,null
prendida,detenida,hey arrancate para atras con mas velocidad,atras,rapido
atras,rapido,mete mas velocidad de inmediato,atras,rapido
prendida,detenida,hacia adelante suavecito,adelante,lenta
prendida,rapido,Pa Atras,atras,null
prendida,detenida,DesacTivate De una,apagar,detenida
apagado,detenida,activate en corto??,prender,detenida
apagado,detenida,oye prende en este momento ahora,prender,detenida
prendida,lenta,HEY ECHALE PARA ENFRENTE AHORA,adelante,null
prendida,detenida,para enfrente rapido ahorita,adelante,rapido
adelante,detenida,silla mete mas velocidad en friega de inmediato,adelante,rapido
adelante,normal,Oye Derecha Ahora!!,adelante + derecha,normal
prendida,detenida,silla Da revErsa Ya,atras,null
prendida,detenida,desactivate ahorita de inmediato,apagar,detenida
adelante + derecha,normal,mueve a la izquierda de inmediato?,adelante,normal
atras,rapido,mas despacio de inmediato,atras,lenta
prendida,detenida,conTinua hacia AdeLantE,adelante,null
adelante + izquierda,normal,Oye gira derecHa Ya,adelante,normal
adelante,normal,mueve a la izquierda.,adelante + izquierda,normal
prendida,detenida,baja a normal por favor,null,normal
prendida,detenida,oye ve al frente lento ahora,adelante,lenta
prendida,detenida,oye ve hacia atras despacio!!,atras,lenta
prendida,detenida,silla voltea A lA dERecha ya,derecha,null
prendida,detenida,aumenta la velocidad ya!!,null,rapido
adelante,lenta,VOLTEA A LA IZQUIERDA,adelante + izquierda,lenta
prendida,detenida,hey voltea a la derecha de inmediato,derecha,null
prendida,detenida,oye apagar de inmediato,apagar,detenida
adelante,lenta,silla gira a la izquierda ahorita,adelante + izquierda,lenta
prendida,detenida,por favor con cuidado ahora!,null,lenta
prendida,detenida,apAga en esTE momeNto,apagar,detenida
adelante + izquierda,rapido,DERECHA,adelante,rapido
apagado,detenida,prendete ahora,prender,detenida
prendida,detenida,gira derecha!!,derecha,null
adelante,detenida,manten velocidad normal en friega ya,adelante,normal
prendida,detenida,Muevete A La Izquierda,izquierda,normal
adelante,lenta,DOBLA A LA DERECHA,adelante + derecha,lenta
adelante + derecha,lenta,gira izquierda ya,adelante,lenta
prendida,detenida,hey muevete hacia la izquierda rapido,izquierda,rapido
atras,detenida,hey subeLe la veloCidad en fRiega,atras,rapido
prendida,detenida,Apagate Ahora Ahora,apagar,detenida
prendida,detenida,Arrancate En Reversa,atras,normal
adelante + derecha,normal,mueve a la izquierda.,adelante,normal
prendida,detenida,REVERSA,atras,null
adelante + izquierda,lenta,pa enfrente ahora,adelante,lenta
prendida,normal,oye avanza ahorita,adelante,null
prendida,detenida,hey hazte para atras normal de inmediato,atras,normal
prendida,detenida,hey izquierda de inmediato,izquierda,null
adelante,rapido,hey a la derecha,adelante + derecha,rapido
adelante + izquierda,rapido,hey continua hacia adelante,adelante,rapido
prendida,detenida,hey avanza lenta,adelante,lenta
prendida,detenida,apagate ahora,apagar,detenida
izquierda,rapido,oye manten velocidad normal ahorita,izquierda,normal
prendida,detenida,pa enfrente,adelante,null
atras,rapido,por favor no tan rapido en corto,atras,lenta
apagado,detenida,inicia,prender,detenida
prendida,detenida,sigue para atras,atras,normal
izquierda,detenida,por favor rapido,izquierda,rapido
prendida,normal,oye sigue adelante,adelante,null
prendida,rapido,oye normal en friega por favor??,null,normal
adelante + izquierda,normal,GIRA DERECHA,adelante,normal
adelante + derecha,lenta,dobla a la izquierda,adelante,lenta
adelante,lenta,Por Favor Derecha??,adelante + derecha,lenta
adelante,rapido,volteA a la DErecha poR favoR,adelante + derecha,rapido
adelante,normal,Oye A La Izquierda.,adelante + izquierda,normal
izquierda,rapido,con calma,izquierda,lenta
prendida,detenida,echale al frente mas rapido.,adelante,rapido
adelante + izquierda,normal,Silla gira derecha,adelante,normal
prendida,lenta,SIGUE ADELANTE,adelante,null
prendida,detenida,Por Favor Velocidad Normal En Friega,null,normal
prendida,detenida,oye de reversa con cuidado ya,atras,lenta
prendida,lenta,muevete atras!!,atras,null
prendida,detenida,pa atras,atras,null
prendida,detenida,OYE DISMINUYE LA VELOCIDAD AHORITA,null,normal
adelante,detenida,hey izquierda ahorita.,adelante + izquierda,detenida
izquierda,lenta,oye velocidad normal en este momento?,izquierda,normal
adelante + izquierda,detenida,Oye Gira Derecha,adelante,detenida
adelante,lenta,silla a la derecha,adelante + derecha,lenta
prendida,detenida,muevete al lado derecho ahora,derecha,normal
adelante + izquierda,normal,hey vamos adelante,adelante,normal
adelante,lenta,MUEVE A LA DERECHA AHORITA,adelante + derecha,lenta
prendida,detenida,para atras ahorita...,atras,null
atras,rapido,por favor aumenta la velocidad ya ahorita,atras,rapido
prendida,detenida,cierra en corto,apagar,detenida
prendida,detenida,oye reversa modo normal,atras,normal
prendida,detenida,silla apagate en friega,apagar,detenida
prendida,detenida,ve hacia adelante ya,adelante,null
prendida,detenida,ve en reversa normal,atras,normal
prendida,detenida,hey derecha,derecha,null
prendida,detenida,ponte en reversa con mas velocidad,atras,rapido
adelante + derecha,normal,silla adelante,adelante,normal
adelante,normal,a la derecha ya??,adelante + derecha,normal
adelante,rapido,voltea a la izquierda ahorita!!,adelante + izquierda,rapido
prendida,lenta,silla continua hacia adelante ya,adelante,null
adelante,rapido,silla velocidad normal en friega!,adelante,normal
prendida,rapido,reversa ya,atras,null
prendida,lenta,silla muevete adelante,adelante,null
prendida,lenta,hey con calma ahora ya,null,lenta
prendida,normal,oye para enfrente por favor,adelante,null
prendida,normal,avanza!,adelante,null
adelante,detenida,SILLA MANTEN VELOCIDAD NORMAL AHORA?,adelante,normal
prendida,detenida,hey sigue derecho suavecito de inmediato,adelante,lenta
prendida,detenida,OYE VE PA' LA DERECHA CON MAS VELOCIDAD?,derecha,rapido
prendida,detenida,por favor reversa lento,atras,lenta
prendida,detenida,hey pa eNfrENte!,adelante,null
prendida,detenida,Oye Echale De Reversa,atras,normal
izquierda,lenta,silla con calma en corto,izquierda,lenta
prendida,detenida,continua para adelante apurate,adelante,rapido
prendida,detenida,apaga la silla??,apagar,detenida
adelante + derecha,lenta,sillA a la iZquierda,adelante,lenta
prendida,lenta,hey lenta por favor,null,lenta
adelante,rapido,a la derecha.,adelante + derecha,rapido
izquierda,lenta,Hey Disminuye La Velocidad,izquierda,normal
prendida,detenida,gira a la izquierda de inmediato,izquierda,null
prendida,rapido,hey desacelera en corto de inmediato...,null,lenta
adelante + izquierda,rapido,hey voltea a la derecha,adelante,rapido
prendida,detenida,Oye Continua Hacia Adelante,adelante,null
atras,normal,por favor modo normal ahora ahorita,atras,normal
prendida,detenida,APAGATE YA POR FAVOR,apagar,detenida
prendida,detenida,muevete hacia adelante,adelante,normal
adelante + izquierda,detenida,gira a la derecha ahorita,adelante,detenida
prendida,detenida,OYE ADELANTE MODO NORMAL AHORITA??,adelante,normal
prendida,normal,METE MAS VELOCIDAD DE INMEDIATO.,null,rapido
prendida,detenida,Pa Atras Ya,atras,null
prendida,rapido,por favor recula,atras,null
adelante,lenta,oye gira derecha,adelante + derecha,lenta
apagado,detenida,enciende ahora.,prender,detenida
adelante,detenida,trAnqUi,adelante,lenta
adelante + izquierda,rapido,silla gira a la derecha.,adelante,rapido
adelante + izquierda,lenta,GIRA A LA DERECHA POR FAVOR,adelante,lenta
adelante,lenta,acelera mas de inmediato,adelante,rapido
prendida,detenida,por favor pa atras,atras,null
atras,detenida,silla no tan rapido ya??,atras,lenta
prendida,normal,oye vamos adelante,adelante,null
apagado,detenida,prendete de una,prender,detenida
atras,rapido,silla mas lento de una,atras,lenta
prendida,detenida,Al Frente A Velocidad Normal Ahorita,adelante,normal
prendida,detenida,SILLA DALE ADELANTE AHORA!!,adelante,null
adelante + izquierda,lenta,por Favor ve haciA Adelante,adelante,lenta
prendida,detenida,atras lento por favor,atras,lenta
adelante,lenta,desacelera de una,adelante,lenta
prendida,detenida,pa' la izquierda despacio ya,izquierda,lenta
prendida,detenida,hey gira a la izquierda ahorita,izquierda,null
adelante,lenta,por favor dobla a la derecha??,adelante + derecha,lenta
atras,detenida,por favor normal,atras,normal
apagado,detenida,silla enciende ahora ya,prender,detenida
adelante,rapido,manten velocidad normal ahora de inmediato,adelante,normal
prendida,detenida,Oye A La Izquierda,izquierda,null
prendida,normal,oye pa enfrentE.,adelante,null
prendida,detenida,silla pa' atras normal ahora!!,atras,normal
prendida,lenta,aumenta la velocidad de inmediato...,null,rapido
izquierda,rapido,hey veloCiDad nOrmal en este mOmento por faVor,izquierda,normal
adelante + izquierda,rapido,gira a la derecha por favor,adelante,rapido
apagado,detenida,oye inicia de inmediato,prender,detenida
izquierda,detenida,silla reduce la velocidad en este momento!,izquierda,lenta
prendida,detenida,Oye Muevete Hacia La Derecha Lento,derecha,lenta
prendida,detenida,DERECHA AHORA,derecha,null
prendida,detenida,derecho apurate,adelante,rapido
adelante,lenta,silla dobla a la izquierda,adelante + izquierda,lenta
prendida,detenida,Silla Apaga Ya,apagar,detenida
atras,detenida,silla con mas velocidad de una,atras,rapido
prendida,detenida,silla mueve a la izquierda de inmediato...,izquierda,null
adelante,rapido,izquierda ya...,adelante + izquierda,rapido
prendida,detenida,Reversa Mas Despacio,atras,lenta
adelante,rapido,por favor gira izquierda,adelante + izquierda,rapido
prendida,detenida,Oye Apaga Ya!,apagar,detenida
prendida,detenida,Hey A La Izquierda,izquierda,null
adelante + derecha,normal,Gira A La Izquierda,adelante,normal
prendida,detenida,silla muevete para atras,atras,normal
adelante,detenida,Lento Por Favor,adelante,lenta
atras,rapido,A VELOCIDAD NORMAL DE UNA,atras,normal
prendida,detenida,hey cierra ahora ya,apagar,detenida
adelante,rapido,voltea a la izquierda.,adelante + izquierda,rapido
prendida,rapido,pa enfrente?,adelante,null
prendida,detenida,silla gira para la derecha a velocidad normal por favor!,derecha,normal
prendida,detenida,hey sigue hacia atras ahorita,atras,normal
izquierda,normal,mas rapido ya,izquierda,rapido
prendida,lenta,VE DESPACIO DE INMEDIATO DE INMEDIATO,null,lenta
adelante,normal,Dobla A La Izquierda?,adelante + izquierda,normal
atras,lenta,OYE BAJALE LA VELOCIDAD AHORITA.,atras,lenta
adelante,normal,hey a la derecha?,adelante + derecha,normal
prendida,normal,NORMAL.,null,normal
adelante + izquierda,lenta,vamos adelante ya,adelante,lenta
prendida,detenida,rueda al frente ahora,adelante,normal
adelante,rapido,Silla Voltea A La Izquierda,adelante + izquierda,rapido
prendida,detenida,oye desconectate ahora de inmediato,apagar,detenida
prendida,detenida,desaCtivate ahorA De inmediatO,apagar,detenida
derecha,detenida,velocidad normal en este momento,derecha,normal
prendida,normal,por favor sigue adelante de inmediato,adelante,null
prendida,detenida,oye dobla a la izquierda mas rapido,izquierda,rapido
prendida,rapido,mete mas velocidad,null,rapido
prendida,detenida,a velocidad normal ahorita ahora,null,normal
prendida,normal,silla echate para atras ahora...,atras,null
prendida,detenida,Apaga Ya,apagar,detenida
prendida,rapido,por favor a velocidad normal ahorita,null,normal
adelante,normal,silla voltea a la izquierda ahora,adelante + izquierda,normal
prendida,detenida,por favor reversa?,atras,null
atras,rapido,SILLA CON MAS VELOCIDAD EN CORTO,atras,rapido
prendida,normal,echale para enfrente de inmediato,adelante,null
adelante,lenta,oye con mas velocidad.,adelante,rapido
adelante,detenida,Disminuye La Velocidad,adelante,normal
prendida,detenida,aumenta la velOcidaD de inMEdiAto...,null,rapido
apagado,detenida,oye enciendete ahorita,prender,detenida
prendida,detenida,hacia la derecha apurate,derecha,rapido
adelante + izquierda,rapido,por favor avanza un poco ahorita,adelante,rapido
adelante,rapido,bajale la velocidad ya,adelante,lenta
adelante,lenta,oye a la derecha ya,adelante + derecha,lenta
atras,lenta,Hey Disminuye La Velocidad A Lento Ahora!,atras,lenta
apagado,detenida,prende de una,prender,detenida
apagado,detenida,prendete rapido...,prender,detenida
prendida,detenida,a la izquierda despacito,izquierda,lenta
prendida,detenida,para enfrente suavecito?,adelante,lenta
adelante + izquierda,lenta,DERECHA.,adelante,lenta
adelante + derecha,lenta,hey echale para enfrente ya,adelante,lenta
prendida,detenida,OYE HAZTE PARA ATRAS CON CUIDADO,atras,lenta
prendida,detenida,a la izquierda ahorita,izquierda,null
adelante,lenta,OYE IZQUIERDA,adelante + izquierda,lenta
prendida,lenta,vAMoS adelAnTe,adelante,null
prendida,detenida,oye mete mas velocidad de inmediato ya,null,rapido
adelante + izquierda,detenida,Por favOr girA a la derecha,adelante,detenida
adelante + izquierda,lenta,avanza un poco de inmediato,adelante,lenta
prendida,detenida,silla mete mas velocidad,null,rapido
adelante,lenta,voltea a la derecha ahorita,adelante + derecha,lenta
derecha,rapido,manten velocidad normal ahorita,derecha,normal
adelante,detenida,Reduce La Velocidad Ahora,adelante,lenta
izquierda,detenida,hey reduce la velocidad en friega!,izquierda,lenta
prendida,detenida,para atras,atras,null
prendida,detenida,voltea para la derecha lento,derecha,lenta
adelante,normal,GIRA IZQUIERDA,adelante + izquierda,normal
atras,detenida,POR FAVOR REDUCE UN POCO LA VELOCIDAD,atras,normal
prendida,detenida,muevete en reversa tranqui!,atras,lenta
adelante,lenta,silla dobla a la izquierda?,adelante + izquierda,lenta
prendida,detenida,apaguete!,apagar,detenida
prendida,detenida,avanza un poco de inmediato,adelante,null
adelante,detenida,BAJA LA VELOCIDAD POR FAVOR,adelante,lenta
prendida,detenida,gira a la derecha ahora,derecha,null
adelante,detenida,INCREMENTA LA VELOCIDAD,adelante,rapido
adelante,lenta,hey a la izquierda,adelante + izquierda,lenta
prendida,detenida,por favor muevete hacia adelante despacio,adelante,lenta
prendida,detenida,silla ve hacia adelante,adelante,null
prendida,detenida,hey para adelante apurate?,adelante,rapido
apagado,detenida,prende de inmediato ya,prender,detenida
adelante,rapido,Izquierda,adelante + izquierda,rapido
prendida,lenta,avanza,adelante,null
prendida,detenida,silla llegale para enfrente suavecito,adelante,lenta
adelante,rapido,a velocidad normal ahorita?,adelante,normal
prendida,detenida,apagate en friega,apagar,detenida
prendida,detenida,por favor avanza tranqui ya,adelante,lenta
prendida,normal,silla adelante ahorita,adelante,null
prendida,detenida,silla mueve a la izquierda ahora,izquierda,null
prendida,rapido,echate para atras,atras,null
prendida,detenida,hey continuA pa' aTras con mas Velocidad por FaVor,atras,rapido
izquierda,lenta,subele la velocidad,izquierda,rapido
adelante,rapido,silla voltea a la izquierda,adelante + izquierda,rapido
prendida,detenida,pOr fAVoR cierrA en cORto,apagar,detenida
apagado,detenida,activate de una,prender,detenida
prendida,detenida,de reversa apurate...,atras,rapido
prendida,detenida,por favor sigue adelante,adelante,null
prendida,detenida,derecho lento?,adelante,lenta
prendida,detenida,oye echale para enfrente por favor.,adelante,null
adelante,lenta,hey acelera de inmediato ya,adelante,rapido
prendida,detenida,silla rueda hacia adelante rapido,adelante,rapido
prendida,normal,por favor recula ahora,atras,null
atras,normal,despacito ya,atras,lenta
prendida,lenta,velocidad normal,null,normal
prendida,detenida,mueve a la derecha de inmediato,derecha,null
prendida,normal,continua hacia adelante,adelante,null
prendida,detenida,por favor reversa,atras,null
prendida,normal,continua hacia adelante!!,adelante,null
adelante,normal,NoRmal Ya ya,adelante,normal
prendida,detenida,mete mas velocidad de inmediato ahora,null,rapido
adelante + izquierda,detenida,oye gira a la derecha??,adelante,detenida
adelante,detenida,con mas velocidad ahorita!,adelante,rapido
adelante,normal,a velocidad normal,adelante,normal
prendida,rapido,da reversa.,atras,null
atras,normal,acelera de inmediato,atras,rapido
prendida,detenida,por favor para la derecha despacio,derecha,lenta
prendida,detenida,ARRANCATE PARA ADELANTE CON MAS VELOCIDAD,adelante,rapido
adelante,detenida,SILLA VOLTEA A LA IZQUIERDA DE INMEDIATO,adelante + izquierda,detenida
prendida,detenida,oye derecha ahorita,derecha,null
prendida,detenida,en reversa,atras,normal
adelante,rapido,hey reduce la velocidad ya ahora,adelante,lenta
prendida,detenida,hey regresate en reversa apurate ahorita.,atras,rapido
adelante + derecha,detenida,oYE giRa a lA IzquIerda!!,adelante,detenida
adelante,normal,hey gira derecha,adelante + derecha,normal
prendida,detenida,por favor camina hacia enfrente normal,adelante,normal
apagado,detenida,prEnder DE iNmediato,prender,detenida
prendida,detenida,muevete para la izquierda a velocidad normal ya!!,izquierda,normal
prendida,detenida,hey manten velocidad normal ahorita,null,normal
prendida,rapido,muevete adelante ahorita,adelante,null
adelante + derecha,rapido,vamos adelante!,adelante,rapido
atras,lenta,acelera mas,atras,rapido
prendida,detenida,MUEVETE DE FRENTE APURATE,adelante,rapido
prendida,detenida,oye dobla a la izquierda...,izquierda,null
prendida,detenida,rueda para atras de inmediato,atras,normal
prendida,detenida,OYE ADELANTE AHORITA,adelante,null
apagado,detenida,enciendete de una ya,prender,detenida
prendida,detenida,por favor ponte en reversa tranqui ahorita,atras,lenta
prendida,detenida,Oye Continua Hacia Atras,atras,normal
prendida,detenida,para enfrente,adelante,null
adelante + derecha,lenta,gira a la izquierda de inmediato.,adelante,lenta
prendida,normal,pa atras!!,atras,null
prendida,normal,Por Favor Retrocede,atras,null
prendida,detenida,VE HACIA ATRAS LENTA,atras,lenta
prendida,detenida,vamoS ATras de inmediato,atras,null
adelante,lenta,izquierda de inmediato?,adelante + izquierda,lenta
adelante,rapido,HEY A LA DERECHA...,adelante + derecha,rapido
prendida,detenida,subele la velocidad en este momento ahorita,null,rapido
prendida,normal,sigue adelante por favor,adelante,null
adelante,lenta,por favor manten velocidad normal en friega,adelante,normal
adelante + derecha,lenta,Silla A La Izquierda De Inmediato,adelante,lenta
apagado,detenida,oye activate de una??,prender,detenida
prendida,detenida,ECHALE PARA ENFRENTE!!,adelante,null
adelante + derecha,normal,por fAvor MueveTE adeLAnte,adelante,normal
atras,normal,Silla Mas Lento En Friega Ya,atras,lenta
prendida,detenida,para enfrente por favor!,adelante,null
prendida,detenida,silla pa enfrente ahorita,adelante,null
adelante,normal,A LA DERECHA AHORA,adelante + derecha,normal
prendida,detenida,continua al frente apurate,adelante,rapido
prendida,detenida,SILLA DOBLA A LA IZQUIERDA??,izquierda,null
prendida,detenida,oye rueda hacia atras mete velocidad,atras,rapido
adelante,detenida,Disminuye La Velocidad Ya,adelante,normal
prendida,detenida,silla manten velocidad normal ahora...,null,normal
adelante,lenta,a la izquierda por favor,adelante + izquierda,lenta
prendida,detenida,hey avanza de inmediato,adelante,null
adelante,normal,gira izquierda ahora?,adelante + izquierda,normal
prendida,detenida,regresate apurate,atras,rapido
prendida,normal,por favor sigue adelante,adelante,null
prendida,lenta,por favor aumenta la velocidad!!,null,rapido
apagado,detenida,por favor enciende ahora,prender,detenida
adelante + izquierda,lenta,POR FAVOR MUEVETE ADELANTE,adelante,lenta
adelante,normal,hey gira a la izquierda,adelante + izquierda,normal
prendida,detenida,pa Enfrente,adelante,null
prendida,lenta,da reversa,atras,null
adelante + izquierda,lenta,por favor voltea a la derecha,adelante,lenta
adelante,lenta,Oye Izquierda De Inmediato,adelante + izquierda,lenta
adelante + izquierda,rapido,adelante por favor,adelante,rapido
prendida,lenta,normal ahorita,null,normal
prendida,detenida,hey ve hacia atras de inmediato,atras,null
prendida,detenida,dale hacia atras lento por favor,atras,lenta
prendida,lenta,por favor reduce la velocidad de una,null,lenta
atras,normal,mas rapido ahorita ahorita,atras,rapido
prendida,detenida,HIBERNA AHORA,apagar,detenida
prendida,detenida,oye hazte para atras por favor,atras,null
prendida,detenida,al frente mas rapido,adelante,rapido
adelante,lenta,velocidad normal,adelante,normal
prendida,detenida,en reversa lento,atras,lenta
adelante + derecha,lenta,Gira Izquierda Por Favor,adelante,lenta
adelante + izquierda,lenta,hey pa enfrente,adelante,lenta
adelante + izquierda,normal,voltea a la derecha ahora,adelante,normal
prendida,detenida,apaga de una,apagar,detenida
prendida,rapido,por favor avanza un poco,adelante,null
prendida,detenida,por favor avanza un poco ya,adelante,null
prendida,detenida,Oye A La Izquierda,izquierda,null
prendida,detenida,retrocede.,atras,null
prendida,detenida,SILLA APAGATE DE UNA DE INMEDIATO,apagar,detenida
adelante,normal,a la izquierda ahorita,adelante + izquierda,normal
adelante + izquierda,lenta,Pa Enfrente,adelante,lenta
prendida,detenida,hey avanza un poco por favor,adelante,null
prendida,detenida,aumenta la velocidad en este momento ya,null,rapido
apagado,detenida,oye inicia en Corto,prender,detenida
prendida,detenida,PARA ENFRENTE,adelante,null
adelante,lenta,a la derecha ahora,adelante + derecha,lenta
prendida,detenida,hey rueda hacia atras rapido ahora?,atras,rapido
prendida,detenida,oye izquierda por favor,izquierda,null
prendida,detenida,apaga de inmediato,apagar,detenida
adelante,detenida,sube la velocidad,adelante,rapido
prendida,detenida,por favor ve derecho normal,adelante,normal
adelante,normal,gIRA a la deRecha,adelante + derecha,normal
prendida,detenida,silla despacito??,null,lenta
prendida,detenida,aumenta la velocidad en friega ahora,null,rapido
adelante,rapido,MUEVE A LA IZQUIERDA,adelante + izquierda,rapido
prendida,detenida,da reversa mas despacio ahora,atras,lenta
prendida,detenida,por favor adelante normal,adelante,normal
prendida,rapido,manten velocidad normal ya??,null,normal
prendida,detenida,POR FAVOR DE REVERSA CON CUIDADO AHORITA,atras,lenta
atras,detenida,Silla Normal Ya Ya,atras,normal
prendida,detenida,apaga de una por favor??,apagar,detenida
prendida,normal,vamos atrAs Por fAVor,atras,null
izquierda,detenida,manten velocidad normal ahora por favor,izquierda,normal
prendida,lenta,ve hacia adelante de inmediato,adelante,null
adelante,lenta,mas rapido ahorita,adelante,rapido
prendida,detenida,APAGA YA,apagar,detenida
adelante,lenta,Oye Dobla A La Derecha,adelante + derecha,lenta
prendida,detenida,dobla pa' la izquierda con mas velocidad por favor,izquierda,rapido
prendida,detenida,regresate tranqui,atras,lenta
prendida,detenida,Hey Gira Pa' La Derecha Con Mas Velocidad Ya...,derecha,rapido
adelante + izquierda,normal,por favor derecha,adelante,normal
adelante,rapido,mete mas velocidad ahora ya.,adelante,rapido
prendida,detenida,por favor mueve a la derecha ahora,derecha,null
prendida,detenida,dobla hacia la derecha,derecha,normal
prendida,detenida,POR FAVOR DOBLA A LA DERECHA,derecha,null
prendida,detenida,ve hacia la izquierda con calma!!,izquierda,lenta
prendida,detenida,oye da rEversA por favoR,atras,null
adelante,detenida,oye normal en friega ahorita,adelante,normal
adelante,lenta,silla a la izquierda?,adelante + izquierda,lenta
adelante,rapido,A LA DERECHA.,adelante + derecha,rapido
adelante,lenta,normal ahorita ahorita,adelante,normal
prendida,detenida,mas lento en este momento,null,lenta
adelante + derecha,lenta,oye gira izquierda...,adelante,lenta
adelante,rapido,silla mas lento de unA,adelante,lenta
prendida,detenida,contINUa para eNFrENte TRanqui,adelante,lenta
prendida,detenida,hey recula,atras,null
prendida,normal,hazte para atras...,atras,null
prendida,detenida,POR favoR con mas velocidad AhorA,null,rapido
prendida,detenida,hazte para atras normal ahora.,atras,normal
adelante,lenta,normal,adelante,normal
prendida,detenida,atras ya,atras,null
prendida,detenida,en reversa,atras,normal
adelante + izquierda,lenta,por favor dobla a la derecha ahora,adelante,lenta
apagado,detenida,prende ahora ya,prender,detenida
atras,normal,hey reduce velocidad,atras,lenta
derecha,detenida,oye normal ya,derecha,normal
adelante,rapido,oye manten velocidad normal ahora,adelante,normal
prendida,detenida,silla camina hacia enfrente tranqui,adelante,lenta
prendida,detenida,sigue pa' atras,atras,normal
prendida,normal,por favor ve hacia atras,atras,null
prendida,rapido,OYE BAJALE LA VELOCIDAD POR FAVOR,null,lenta
prendida,detenida,muevete hacia atras ahorita,atras,normal
prendida,detenida,ve hacia atras modo normal,atras,normal
prendida,detenida,llegale al frente,adelante,normal
prendida,detenida,POR FAVOR HACIA ATRAS NORMAL,atras,normal
prendida,rapido,sube la velocidad ya,null,rapido
adelante,rapido,Por favOR Gira a la DErecHa aHoRiTa,adelante + derecha,rapido
prendida,lenta,por favor normal ya,null,normal
adelante,detenida,por favor dobla a la izquierda?,adelante + izquierda,detenida
prendida,normal,pa atras ya,atras,null
prendida,normal,continua hacia adelante,adelante,null
prendida,detenida,dobla a la izquierda mete velocidad de inmediato,izquierda,rapido
apagado,detenida,por favor prende de una ya,prender,detenida
prendida,detenida,hey hiberna de inmediato?,apagar,detenida
prendida,detenida,hey da reversa ya,atras,null
prendida,detenida,hey atras,atras,null
adelante + izquierda,normal,dale adelante ahora??,adelante,normal
adelante + derecha,normal,sIlla ecHale pArA enfrentE,adelante,normal
prendida,detenida,tranqui ahorita,null,lenta
adelante,normal,pOr favoR ve desPacIo en Este MomeNto.,adelante,lenta
prendida,detenida,continua de reversa,atras,normal
prendida,detenida,Por Favor Gira Izquierda,izquierda,null
prendida,lenta,por favor ve hacia atras ahora,atras,null
adelante,detenida,reduce la velocidad ahora,adelante,lenta
adelante + derecha,rapido,silla girA a lA izquieRda,adelante,rapido
prendida,detenida,Al laDo izquIeRdO mete vElOCidAD?,izquierda,rapido
prendida,detenida,pOr Favor rUeDa haCiA aDElantE a velocIdad nOrmaL,adelante,normal
prendida,detenida,para adelante con mas velocidad ya,adelante,rapido
adelante,normal,izquierda!,adelante + izquierda,normal
prendida,detenida,dobla a la derecha a velocidad normal,derecha,normal
prendida,detenida,oye apaga ya,apagar,detenida
atras,normal,tranqui,atras,lenta
adelante + izquierda,detenida,hey avanza,adelante,detenida
apagado,detenida,activate en este momento ahorita,prender,detenida
prendida,detenida,da vuelta para la izquierda tranqui,izquierda,lenta
adelante,rapido,gira derecha ahora,adelante + derecha,rapido
prendida,detenida,hey derecha normal ahora,derecha,normal
adelante + izquierda,detenida,por favor voltea a la derecha!!,adelante,detenida
adelante + izquierda,rapido,DOBLA A LA DERECHA AHORITA,adelante,rapido
prendida,detenida,APAGA DE INMEDIATO YA,apagar,detenida
prendida,detenida,ve hacia adelante lenta,adelante,lenta
adelante + derecha,normal,avanza un poco ahora,adelante,normal
adelante + derecha,normal,izquierda!!,adelante,normal
adelante,normal,derecha ahorita,adelante + derecha,normal
adelante,rapido,reduce la velocidad de una,adelante,lenta
prendida,detenida,oye vamos atras,atras,null
prendida,detenida,desconectate ahora!!,apagar,detenida
atras,lenta,AUMENTA LA VELOCIDAD EN FRIEGA DE INMEDIATO,atras,rapido
prendida,lenta,Con Calma En Friega,null,lenta
prendida,detenida,oye mete mas velocidad en corto,null,rapido
atras,normal,subele la velocidad,atras,rapido
adelante + derecha,normal,GIRA A LA IZQUIERDA,adelante,normal
adelante,normal,dobla a la izquierda??,adelante + izquierda,normal
prendida,lenta,reversa ahorita,atras,null
prendida,detenida,doblA hacia la iZquierda tRanqui ahoRa,izquierda,lenta
adelante,normal,silla mueve a la izquierda ahora!,adelante + izquierda,normal
prendida,detenida,RETROCEDE METE VELOCIDAD?,atras,rapido
prendida,rapido,mas rapido ahorita por favor!!,null,rapido
derecha,lenta,oye mas lento de inmediato,derecha,lenta
atras,normal,Acelera De Inmediato Por Favor!,atras,rapido
prendida,detenida,Silla Mete Mas Velocidad De Una,null,rapido
prendida,normal,oye acelera mas,null,rapido
adelante,lenta,IZQUIERDA,adelante + izquierda,lenta
prendida,detenida,HEY IZQUIERDA POR FAVOR?,izquierda,null
prendida,detenida,hey gira a la derecha ahora??,derecha,null
prendida,detenida,Desconectate Ahora Por Favor,apagar,detenida
prendida,detenida,llegale para enfrente con calma,adelante,lenta
atras,detenida,No Tan Rapido En Friega,atras,lenta
prendida,detenida,silla con mas velocidad en este momento ahorita,null,rapido
prendida,detenida,rueda pa' atras de inmediato,atras,normal
prendida,detenida,hey apaga de una de inmediato,apagar,detenida
adelante + izquierda,normal,dEreCha ahOrIta...,adelante,normal
prendida,detenida,silla de reversa mete velocidad,atras,rapido
adelante + derecha,lenta,oye dobla a la izquierda,adelante,lenta
adelante,normal,silla subele la velocidad en este momento,adelante,rapido
prendida,lenta,RECULA,atras,null
prendida,detenida,mUEve a la izqUierdA,izquierda,null
atras,normal,por favor mete mas velocidad ahora,atras,rapido
prendida,detenida,hey voltea a la izquierda,izquierda,null
prendida,detenida,oye avanza,adelante,null
prendida,rapido,Da Reversa,atras,null
prendida,detenida,apaga de una??,apagar,detenida
prendida,detenida,por favor regresate para atras,atras,normal
prendida,detenida,a la derecha velocidad normal,derecha,normal
prendida,detenida,descansa,apagar,detenida
adelante + izquierda,lenta,por favor gira derecha ahora,adelante,lenta
prendida,detenida,llegale hacia atras,atras,normal
prendida,lenta,hey manten velocidad normal en friega ahorita,null,normal
adelante,normal,gira a la derecha ahora,adelante + derecha,normal
prendida,detenida,da vuelta hacia la derecha!!,derecha,normal
adelante,normal,mete mas velocidad de una,adelante,rapido
prendida,detenida,para enfrente con calma de inmediato,adelante,lenta
adelante + izquierda,lenta,a la derecha ahorita??,adelante,lenta
prendida,detenida,hey apaga de una ahora,apagar,detenida
prendida,detenida,oye ve al lado izquierdo ahorita...,izquierda,normal
prendida,detenida,adelantate a velocidad normal,adelante,normal
adelante + derecha,detenida,hey echale para enfrente por favor,adelante,detenida
prendida,lenta,mete mas velocidad en friega ahorita,null,rapido
apagado,detenida,por favor enciende ahorita,prender,detenida
prendida,detenida,mete mas velocidad de una,null,rapido
prendida,lenta,HEY NORMAL EN FRIEGA,null,normal
atras,lenta,velocidad normal en este momento,atras,normal
prendida,normal,Ve Hacia Atras,atras,null
prendida,detenida,oye para enfrente modo normal!,adelante,normal
adelante + derecha,lenta,oye a la izquierda por favor,adelante,lenta
atras,detenida,tranqui ahora,atras,lenta
prendida,rapido,HEY ECHALE PARA ENFRENTE.,adelante,null
prendida,lenta,retroCede,atras,null
izquierda,rapido,A VELOCIDAD NORMAL AHORITA,izquierda,normal
prendida,detenida,Da Marcha Atras,atras,normal
adelante,lenta,Mueve A La Derecha,adelante + derecha,lenta
prendida,detenida,por favor derecho apurate,adelante,rapido
izquierda,rapido,no tan rapido en friega,izquierda,lenta
prendida,detenida,silla sigue en reversa apurate por favor,atras,rapido
apagado,detenida,oye prendete rapido ahorita,prender,detenida
prendida,detenida,da vuelta hacia la izquierda por favor,izquierda,normal
prendida,detenida,silla izquierda ahorita,izquierda,null
atras,rapido,normal en friega,atras,normal
derecha,detenida,silla baja la velocidad de inmediato...,derecha,lenta
prendida,detenida,SILLA ECHALE HACIA ATRAS CON CUIDADO,atras,lenta
prendida,detenida,para enfrente,adelante,null
atras,detenida,subele la velocidad en este momento,atras,rapido
prendida,detenida,sigue al frente rapido,adelante,rapido
atras,rapido,mete velocidad ahora,atras,rapido
atras,lenta,hey bajale la velocidad de inmediato,atras,lenta
prendida,detenida,rueda hacia adelante tranqui ahora,adelante,lenta
prendida,rapido,hey para enfrente,adelante,null
adelante + derecha,normal,por favor izquierda ahorita,adelante,normal
adelante,normal,acelera de inmediato ya,adelante,rapido
adelante,rapido,oye a velocidad normal en este momento??,adelante,normal
prendida,detenida,muevete atras ahora,atras,null
adelante,normal,por favor manten velocidad normal en friega,adelante,normal
adelante,lenta,hey gira izquierda,adelante + izquierda,lenta
prendida,detenida,ve hacia atras??,atras,null
prendida,rapido,por favor mas lento de una de inmediato,null,lenta
prendida,detenida,continua para adelante por favor,adelante,normal
prendida,detenida,OYE DALE DE REVERSA DESPACIO,atras,lenta
prendida,normal,por favor muevete adelante de inmediato,adelante,null
adelante,rapido,mUEve a La dErEcha ahoRita,adelante + derecha,rapido
atras,normal,con mas velocidad en este momento?,atras,rapido
adelante + derecha,normal,hey vamos adelante ahora,adelante,normal
adelante,detenida,sIlla mas rapIdo en eSTe momeNto Ya,adelante,rapido
prendida,detenida,silla dobla pa' la derecha a velocidad normal,derecha,normal
apagado,detenida,prendete ahorita?,prender,detenida
adelante,lenta,silla voltea a la izquierda ahora,adelante + izquierda,lenta
apagado,detenida,inicia en friega de inmediato,prender,detenida
prendida,detenida,oye voltea a la derecha ahora,derecha,null
prendida,detenida,por favor arrancate de reversa...,atras,normal
prendida,detenida,para enfrente ahorita!,adelante,null
prendida,detenida,reversa ahora,atras,null
prendida,detenida,oye echale para adelante??,adelante,normal
prendida,detenida,POR FAVOR HACIA ATRAS NORMAL,atras,normal
atras,rapido,Silla Normal,atras,normal
prendida,detenida,oye gira derecha ya!!,derecha,null
adelante + izquierda,rapido,derecha...,adelante,rapido
prendida,detenida,avanza ponlo normal,adelante,normal
prendida,detenida,oye muevete adelante ahora,adelante,null
adelante,lenta,subele la velocidad?,adelante,rapido
prendida,detenida,para atras mas rapido,atras,rapido
prendida,detenida,pA atras,atras,null
adelante,normal,hey a la derecha de inmediato,adelante + derecha,normal
apagado,detenida,inicia en friega por favor,prender,detenida
adelante,lenta,por favoR mOdo normAl AHora,adelante,normal
prendida,detenida,Camina Hacia Enfrente Despacio!!,adelante,lenta
prendida,rapido,OYE MODO NORMAL YA,null,normal
prendida,detenida,por favor apagar,apagar,detenida
prendida,lenta,desacelera de inmediato ahora,null,lenta
prendida,lenta,oye atras de inmediato,atras,null
prendida,lenta,reduce la velocidad en friega,null,lenta
prendida,normal,silla aumenta la velocidad de inmediato de inmediato!,null,rapido
adelante,lenta,GIRA DERECHA YA!,adelante + derecha,lenta
adelante,rapido,Hey deSaCelera de una,adelante,lenta
prendida,detenida,recula!!,atras,null
adelante,normal,DOBLA A LA IZQUIERDA DE INMEDIATO,adelante + izquierda,normal
prendida,detenida,atras.,atras,null
atras,rapido,con calma ahorita ahorita,atras,lenta
apagado,detenida,Arranca AhoriTa AhOrita?,prender,detenida
prendida,detenida,oye izquierda,izquierda,null
adelante,detenida,manten velocidad normal en friega de inmediato,adelante,normal
adelante,normal,silla mueve a la izquierda,adelante + izquierda,normal
prendida,lenta,ve hacia adelante??,adelante,null
adelante,lenta,por favor gira izquierda de inmediato,adelante + izquierda,lenta
prendida,detenida,sigue al frente despacito,adelante,lenta
atras,detenida,oye a velocidad normal ya,atras,normal
prendida,detenida,por favor para enfrente modo normal,adelante,normal
atras,detenida,mas lento en friega,atras,lenta
prendida,detenida,ve hacia atras acelera mas,atras,rapido
atras,normal,mas lento en este momento de inmediato,atras,lenta
adelante,normal,mas rapido ahorita,adelante,rapido
prendida,detenida,da reversa.,atras,null
adelante,normal,OYE GIRA IZQUIERDA,adelante + izquierda,normal
adelante,rapido,silla gira derecha ya,adelante + derecha,rapido
prendida,detenida,gira a la derecha ya,derecha,null
adelante,lenta,GIRA A LA IZQUIERDA,adelante + izquierda,lenta
prendida,detenida,girA a la derecha,derecha,null
prendida,normal,ponlo normal por favor,null,normal
prendida,detenida,ACELERA EN FRIEGA,null,rapido
prendida,detenida,por favor hacia la derecha normal ya,derecha,normal
apagado,detenida,hey activate de una ya,prender,detenida
prendida,detenida,silla echale derecho a velocidad normal,adelante,normal
apagado,detenida,silla enciendete de una ahorita,prender,detenida
prendida,lenta,hey mete velocidad,null,rapido
adelante,normal,por favor voltea a la derecha,adelante + derecha,normal
prendida,normal,Con Mas Velocidad Ya,null,rapido
prendida,detenida,oye dale de reversa rapido,atras,rapido
prendida,detenida,Hey Apaga En Friega De Inmediato,apagar,detenida
adelante,normal,oye dobla a la derecha,adelante + derecha,normal
atras,lenta,oye mas despacio por favor,atras,lenta
prendida,detenida,silla apaga ya de inmediato,apagar,detenida
adelante + derecha,lenta,oye dobla a la izquierda,adelante,lenta
prendida,rapido,oye para enfrente,adelante,null
adelante,normal,hey dobla a la derecha!!,adelante + derecha,normal
prendida,rapido,da Reversa,atras,null
prendida,detenida,por favor continua pa' atras con mas velocidad,atras,rapido
adelante,rapido,voltea a la izquierda por favor?,adelante + izquierda,rapido
prendida,detenida,voltea a la izquierda por favor,izquierda,null
atras,normal,reduce la velocidad en este momento ahora,atras,lenta
prendida,rapido,a velocidad normal ya,null,normal
adelante,lenta,aumenta la velocidad en friega,adelante,rapido
prendida,normal,por favor muevete adelante.,adelante,null
prendida,detenida,rueda rueda hacia adelante ahorita,adelante,normal
atras,detenida,mas lento ya,atras,lenta
prendida,lenta,echale para enfrente?,adelante,null
apagado,detenida,hey inicia en friega,prender,detenida
prendida,detenida,silla gira derecha.,derecha,null
derecha,normal,disminuye la velocidad a lento,derecha,lenta
prendida,detenida,da marcha atras apurate,atras,rapido
atras,normal,POR FAVOR DISMINUYE LA VELOCIDAD A LENTO,atras,lenta
atras,normal,Aumenta La Velocidad En Friega,atras,rapido
prendida,detenida,silLa normal ya,null,normal
atras,detenida,silLa modO nOrmal aHorita ya?,atras,normal
prendida,rapido,HEY ECHALE PARA ENFRENTE AHORITA,adelante,null
prendida,detenida,Oye Ve Hacia Atras,atras,null
prendida,detenida,hiberna,apagar,detenida
adelante,normal,subele la velocidad de una ya??,adelante,rapido
prendida,detenida,Izquierda Ya,izquierda,null
prendida,detenida,vamos adelante ya...,adelante,null
prendida,detenida,Dobla Al Lado Izquierdo Apurate,izquierda,rapido
adelante + derecha,normal,oye mueve a la izquierda!,adelante,normal
adelante + derecha,lenta,oye adelante,adelante,lenta
prendida,detenida,hey rapido por favor,null,rapido
prendida,detenida,hey gira a la izquierda ya,izquierda,null
adelante,lenta,Mueve A La Izquierda De Inmediato,adelante + izquierda,lenta
prendida,detenida,silla da reversa despacio de inmediato,atras,lenta
prendida,detenida,Dobla A La Derecha?,derecha,null
adelante,rapido,HEY DOBLA A LA IZQUIERDA,adelante + izquierda,rapido
atras,detenida,desacelera de una!!,atras,lenta
prendida,detenida,por favor gira a la derecha,derecha,null
adelante,normal,GIRA A LA IZQUIERDA?,adelante + izquierda,normal
adelante + derecha,normal,hey pa enfrente...,adelante,normal
prendida,detenida,HEY DERECHO LENTO,adelante,lenta
adelante + izquierda,rapido,VOLTEA A LA DERECHA POR FAVOR,adelante,rapido
prendida,detenida,vamos atrAs Por favoR.,atras,null
prendida,rapido,normal EN Friega,null,normal
prendida,detenida,VE HACIA ADELANTE AHORA,adelante,normal
prendida,rapido,avanza ya,adelante,null
adelante,normal,oye gira a la derecha,adelante + derecha,normal
prendida,detenida,hey voltea hacia la derecha de inmediato,derecha,normal
derecha,rapido,por favor sube la velocidad!!,derecha,rapido
prendida,detenida,por favOr dalE pAra enfRente,adelante,normal
atras,lenta,Con Mas Velocidad Ahorita Ya,atras,rapido
atras,detenida,ve despacio en corto de inmediato,atras,lenta
adelante + izquierda,normal,hey vamos adelante ya,adelante,normal
prendida,detenida,silla al frente despacio,adelante,lenta
prendida,detenida,por favor voltea a la derecha de inmediato,derecha,null
prendida,normal,muevete adelante ahora,adelante,null
adelante,lenta,por favor a la derecha ahorita,adelante + derecha,lenta
apagado,detenida,prende la silla,prender,detenida
prendida,normal,oye recula ahorita,atras,null
prendida,detenida,hey gira a la derecha ahorita...,derecha,null
prendida,detenida,a la izquierda mas despacio,izquierda,lenta
prendida,detenida,Voltea A La Izquierda,izquierda,null
adelante + izquierda,detenida,por favor gira a la derecha,adelante,detenida
adelante,lenta,silla gira derecha de inmediato,adelante + derecha,lenta
prendida,detenida,Ve Hacia Atras Ponlo Normal,atras,normal
apagado,detenida,prende la silla de inmediato,prender,detenida
adelante,lenta,a la derecha de inmediato,adelante + derecha,lenta
adelante,detenida,acelera de inmediato de inmediato,adelante,rapido
prendida,detenida,apaga ahora,apagar,detenida
prendida,rapido,vamos atras,atras,null
prendida,detenida,hey no tan rapido ya,null,lenta
prendida,rapido,dale adelante de inmediato,adelante,null
adelante,normal,mas rapido ya ahorita,adelante,rapido
apagado,detenida,por favor enciendete de inmediato,prender,detenida
adelante,normal,gira izquierda por favor,adelante + izquierda,normal
adelante,rapido,subele la velocidad ya,adelante,rapido
prendida,detenida,hey derecho con cuidadO ahorita,adelante,lenta
adelante,normal,gira a la derecha??,adelante + derecha,normal
prendida,lenta,aumenta la velocidad en friega de inmediato,null,rapido
adelante,lenta,hey gira izquierda,adelante + izquierda,lenta
atras,normal,subele la velocidad ahorita de inmediato,atras,rapido
adelante,detenida,OYE MUEVE A LA IZQUIERDA POR FAVOR,adelante + izquierda,detenida
prendida,rapido,acelera de inmediato,null,rapido
prendida,detenida,reversa normal ya,atras,normal
prendida,detenida,avanza un poco ahorita,adelante,null
adelante,normal,ve despacio en este momento,adelante,lenta
adelante,rapido,oye mueve a la derecha,adelante + derecha,rapido
atras,normal,Por Favor Modo Normal Ahorita Ahora,atras,normal
adelante,rapido,silla gira a la izquierda!!,adelante + izquierda,rapido
prendida,normal,hey ve hacia atras...,atras,null
atras,detenida,Lenta,atras,lenta
adelante,normal,a velocidad normal de una...,adelante,normal
prendida,detenida,continua hacia adelante con mas velocidad,adelante,rapido
prendida,detenida,sigue adelanTe ya,adelante,null
prendida,detenida,Silla Sigue Hacia Atras A Velocidad Normal,atras,normal
prendida,detenida,ve para la derecha mas rapido,derecha,rapido
adelante,rapido,por favor a la izquierda ahora,adelante + izquierda,rapido
adelante,normal,POR FAVOR DERECHA DE INMEDIATO,adelante + derecha,normal
atras,lenta,A VELOCIDAD NORMAL EN ESTE MOMENTO,atras,normal
adelante,normal,hey izquierda ahorita,adelante + izquierda,normal
prendida,rapido,hey subele la velocidad!,null,rapido
prendida,detenida,OYE APAGAR,apagar,detenida
prendida,detenida,por favor reversa de inmediato,atras,null
prendida,rapido,NO TAN RAPIDO YA.,null,lenta
atras,detenida,hey a velocidad normal de una por favor!,atras,normal
adelante,normal,oye velocidad normal ahora,adelante,normal
prendida,detenida,silla echale para enfrente despacito,adelante,lenta
atras,normal,manten velocidad normal ahora,atras,normal
prendida,detenida,para atras ahora,atras,null
adelante,detenida,hey mete mas velocidad en este momento ya...,adelante,rapido
prendida,detenida,continua para enfrente tranqui,adelante,lenta
prendida,detenida,reVErSA ahOrita,atras,null
prendida,detenida,rueda hacia adelante ahorita,adelante,normal
apagado,detenida,silla enciendete en corto,prender,detenida
apagado,detenida,oye prende ahorita ahora,prender,detenida
prendida,detenida,por favOr derechA lentA,derecha,lenta
atras,detenida,rapido,atras,rapido
prendida,detenida,HEY VE HACIA ADELANTE,adelante,null
prendida,detenida,Para Adelante Mete Velocidad.,adelante,rapido
prendida,rapido,con calma en corto,null,lenta
prendida,detenida,dobla a la izquierda...,izquierda,null
adelante,lenta,acelera en friega ya,adelante,rapido
apagado,detenida,Arranca De Una De Inmediato,prender,detenida
prendida,detenida,oye continua para adelante ahora,adelante,normal
adelante,normal,aumenta la velocidad de una!!,adelante,rapido
prendida,detenida,por favor retrocede ya,atras,null
prendida,detenida,apaga de inmediato,apagar,detenida
adelante,lenta,oye modo normal ahorita.,adelante,normal
prendida,detenida,OYE TRANQUI YA,null,lenta
prendida,detenida,recula...,atras,null
adelante,lenta,gira a la derecha ahorita,adelante + derecha,lenta
prendida,lenta,velocidad normal en friega ahora,null,normal
adelante + derecha,rapido,Gira A La Izquierda Por Favor,adelante,rapido
prendida,lenta,bajale la velocidad de una,null,lenta
prendida,normal,desaceleRa en coRto,null,lenta
prendida,detenida,silla mueve A La deRecha ya,derecha,null
prendida,detenida,a la izquIerDa aHorA,izquierda,null
adelante + derecha,normal,por favor echale para enfrente,adelante,normal
prendida,detenida,Por Favor Rueda Pa' Atras Con Calma Ahorita,atras,lenta
prendida,detenida,por favor derecho con mas velocidad ahorita,adelante,rapido
adelante,detenida,oye mas rapido de una ahorita,adelante,rapido
adelante + izquierda,lenta,AVANZA,adelante,lenta
prendida,detenida,por favor arrancate al frente despacito,adelante,lenta
adelante,normal,hey gira derecha ya,adelante + derecha,normal
prendida,detenida,no tan rapido en corto ya,null,lenta
prendida,detenida,dale adelante despacio ya,adelante,lenta
prendida,detenida,Atras,atras,null
adelante,lenta,gira a la derecha ya,adelante + derecha,lenta
atras,normal,A VELOCIDAD NORMAL DE UNA,atras,normal
adelante + izquierda,rapido,silla mueve a la derecha,adelante,rapido
prendida,detenida,CONTINUA HACIA ADELANTE METE VELOCIDAD DE INMEDIATO,adelante,rapido
adelante,lenta,oye desacelera ahorita??,adelante,lenta
apagado,detenida,POR FAVOR ENCIENDETE AHORITA,prender,detenida
adelante,lenta,mas rapido de una,adelante,rapido
adelante,normal,dobla a la izquierda!!,adelante + izquierda,normal
adelante + derecha,lenta,SiLLA girA izquIerda?,adelante,lenta
adelante,lenta,oye izquierda,adelante + izquierda,lenta
prendida,detenida,adelante rapido,adelante,rapido
adelante,normal,auMenta la velociDAD en cOrto,adelante,rapido
adelante + derecha,lenta,para enfrente ya,adelante,lenta
adelante + derecha,lenta,oyE gira a la izquierDa por favor??,adelante,lenta
prendida,detenida,Silla Atras Despacio Por Favor.,atras,lenta
prendida,detenida,Por Favor Apaga En Friega!!,apagar,detenida
adelante,lenta,voltea a la izquierda por favor,adelante + izquierda,lenta
prendida,detenida,hEy dobla A La DereCha??,derecha,null
prendida,detenida,aPaguete,apagar,detenida
prendida,normal,HEY BAJA A NORMAL.,null,normal
adelante + derecha,rapido,hey dobla a la izquierda ahora,adelante,rapido
prendida,normal,hey velocidad normal,null,normal
prendida,normal,hey dISminuye la veLociDad a lEntO ahoRiTa,null,lenta
prendida,lenta,reduce la velocidad ahora,null,lenta
prendida,lenta,mete mas velocidad en corto,null,rapido
prendida,lenta,por favor normaL,null,normal
prendida,normal,ve despacio de inmediato,null,lenta
prendida,detenida,por favor pa enfrente,adelante,null
prendida,detenida,Echale Para Enfrente!!,adelante,null
adelante,normal,gira a la derecha de inmediato,adelante + derecha,normal
prendida,detenida,PARA ENFRENTE?,adelante,null
prendida,detenida,rueda de reversa suavecito,atras,lenta
prendida,detenida,HEY IZQUIERDA AHORITA,izquierda,null
atras,detenida,aumenta la velocidad en corto?,atras,rapido
prendida,detenida,hey desconectate en friega!,apagar,detenida
prendida,detenida,sigue derecho con cuidado,adelante,lenta
prendida,detenida,oye para enfrente mas despacio ya,adelante,lenta
prendida,detenida,echale pa' atras mas rapido ahora??,atras,rapido
adelante + izquierda,normal,dale adelante ahora,adelante,normal
adelante,detenida,por favor manten velocidad normal ya,adelante,normal
apagado,detenida,arranca ahorita de inmediato,prender,detenida
prendida,normal,pa enfrente??,adelante,null
apagado,detenida,inicia ahorita,prender,detenida
prendida,detenida,hazte para atras.,atras,null
prendida,detenida,da vuelta a la izquierdA,izquierda,normal
apagado,detenida,enciende la silla de inmediato,prender,detenida
prendida,rapido,silla baja a normal,null,normal
adelante + izquierda,lenta,silla gira derecha,adelante,lenta
prendida,detenida,SILLA PARA LA IZQUIERDA NORMAL,izquierda,normal
adelante,lenta,suavecito ahora??,adelante,lenta
prendida,normal,Por Favor Manten Velocidad Normal Ya,null,normal
prendida,detenida,reversa lento ahora,atras,lenta
prendida,rapido,OYE MODO NORMAL??,null,normal
adelante + izquierda,rapido,oye dobla a la derecha ahorita,adelante,rapido
prendida,detenida,En reveRSA coN maS velocidad,atras,rapido
apagado,detenida,hEy pRenDe la SillA de inmEdiato!!,prender,detenida
adelante,lenta,silla dobla a la derecha,adelante + derecha,lenta
adelante,lenta,silla mueve a la izquierda?,adelante + izquierda,lenta
prendida,detenida,derecha...,derecha,null
prendida,detenida,silla desactivate de una,apagar,detenida
prendida,detenida,POR FAVOR DALE ADELANTE PONLO NORMAL,adelante,normal
prendida,detenida,con calma de una,null,lenta
prendida,detenida,apaga de una,apagar,detenida
prendida,detenida,por favor ve hacia atras lento ya,atras,lenta
adelante + derecha,normal,mueve a la izquierda ahora,adelante,normal
prendida,normal,BAJALE LA VELOCIDAD DE UNA?,null,lenta
izquierda,detenida,HEY BAJALE LA VELOCIDAD YA AHORITA,izquierda,lenta
adelante,detenida,gira derecha ahorita,adelante + derecha,detenida
prendida,lenta,por favor recula,atras,null
prendida,detenida,arrancate para atras con mas velocidad.,atras,rapido
prendida,rapido,Con Mas Velocidad Ahorita,null,rapido
apagado,detenida,silla prender,prender,detenida
prendida,detenida,sigue adelante ahora!!,adelante,null
prendida,rapido,adelaNte,adelante,null
prendida,detenida,oye apaga ya ahora!!,apagar,detenida
prendida,detenida,Derecho Mete Velocidad Por Favor,adelante,rapido
prendida,detenida,por favor avanza un poco,adelante,null
atras,detenida,hey subele la velocidad ya,atras,rapido
prendida,detenida,por favor para atras ahora,atras,null
prendida,lenta,suavecito ahora,null,lenta
adelante,lenta,silla a velocidad normal en este momento ahora,adelante,normal
prendida,detenida,regresate tranqui,atras,lenta
adelante,detenida,hey reduce la velocidad ya por favor,adelante,lenta
prendida,detenida,retrocede con mas velocidad ahora,atras,rapido
prendida,rapido,hey acelera mas de inmediato,null,rapido
prendida,detenida,da reversa ponlo normal,atras,normal
atras,rapido,silla manten velocidad normal ahorita,atras,normal
prendida,detenida,avanza ahora,adelante,null
prendida,normal,por favor acelera ahora,null,rapido
prendida,detenida,gira derecha!,derecha,null
adelante + izquierda,normal,mueve a la derecha ya,adelante,normal
prendida,detenida,recula de inmediato,atras,null
adelante,lenta,hey voltea a la derecha!!,adelante + derecha,lenta
prendida,detenida,hey cierra en corto,apagar,detenida
prendida,lenta,velocidad normal en friega,null,normal
atras,detenida,silla acelera,atras,rapido
adelante,normal,a la izquierda ahora,adelante + izquierda,normal
prendida,detenida,hey ve hacia adelante de inmediato??,adelante,null
prendida,lenta,BAJALE LA VELOCIDAD DE UNA,null,lenta
adelante + derecha,normal,CONTINUA HACIA ADELANTE AHORA,adelante,normal
prendida,rapido,hey hazte para atras!,atras,null
prendida,rapido,POR FAVOR NORMAL!,null,normal
adelante,lenta,silla gira a la izquierda,adelante + izquierda,lenta
derecha,rapido,modo normal.,derecha,normal
prendida,detenida,por favoR cierrA AhOrIta,apagar,detenida
prendida,detenida,hey desactivate ahora,apagar,detenida
prendida,detenida,pa' atras normal,atras,normal
prendida,detenida,hacia atras con cuidado,atras,lenta
atras,normal,manten velocidad normal ya!,atras,normal
apagado,detenida,Prende De Inmediato,prender,detenida
adelante + derecha,normal,izquierda ahorita,adelante,normal
apagado,detenida,prende ahorita de inmediato...,prender,detenida
prendida,detenida,Silla Avanza Un Poco De Inmediato,adelante,null
apagado,detenida,oye arranca,prender,detenida
prendida,detenida,Para Atras,atras,null
prendida,rapido,Reduce La Velocidad De Una,null,lenta
prendida,normal,silla a velocidad normal ahorita,null,normal
prendida,lenta,silla subele la velocidad ahorita,null,rapido
prendida,detenida,por favor gira a la derecha ya,derecha,null
prendida,rapido,Silla Dale Adelante Ahora!!,adelante,null
prendida,detenida,apaga en este momento,apagar,detenida
prendida,detenida,hey muevete adelante,adelante,null
prendida,normal,da reversa,atras,null
apagado,detenida,hey inicia en friega!,prender,detenida
adelante,lenta,oye mueve a la izquierda,adelante + izquierda,lenta
prendida,detenida,retrocede ahora,atras,null
apagado,detenida,por favor activate de una...,prender,detenida
adelante,normal,dErEChA ahoRa,adelante + derecha,normal
adelante,rapido,oye mueve a la izquieRdA,adelante + izquierda,rapido
adelante,rapido,dobla a la derecha.,adelante + derecha,rapido
apagado,detenida,por favor prendete rapido,prender,detenida
prendida,detenida,oye ve hacia atras,atras,null
prendida,detenida,por favor apaga en este momento...,apagar,detenida
prendida,detenida,oye regresate tranqui ya,atras,lenta
prendida,lenta,echaLe para enfrENte,adelante,null
izquierda,normal,Disminuye La Velocidad,izquierda,normal
prendida,detenida,silla ve hacia adelante rapido,adelante,rapido
prendida,detenida,no tan rapido en corto,null,lenta
adelante + izquierda,normal,por favor mueve a la derecha ahora,adelante,normal
apagado,detenida,inicia de inmediato ahorita,prender,detenida
prendida,detenida,gira izquierda ahorita,izquierda,null
adelante,normal,A LA DERECHA,adelante + derecha,normal
prendida,lenta,oye despacio,null,lenta
derecha,normal,por favor acelera mas??,derecha,rapido
adelante,normal,hey voltea a la izquierda,adelante + izquierda,normal
prendida,detenida,para enfrente con calma,adelante,lenta
prendida,detenida,ve hacia adelante ahorita,adelante,null
prendida,normal,Oye Avanza,adelante,null
prendida,detenida,para enfrente con calma ahora,adelante,lenta
prendida,lenta,no tan rapido en este momento,null,lenta
prendida,detenida,a la derecha por favor,derecha,null
prendida,detenida,regresate con mas velocidad!!,atras,rapido
adelante,rapido,hey dobla a la izquierda,adelante + izquierda,rapido
adelante,normal,silla dobla a la izquierda ahorita!!,adelante + izquierda,normal
prendida,detenida,voltea al lado izquierdo tranqui ahorita,izquierda,lenta
prendida,detenida,Hey Bajale La Velocidad De Una?,null,lenta
prendida,lenta,avanZa un poco ahorita,adelante,null
apagado,detenida,oye prende ahora por favor,prender,detenida
prendida,rapido,hey subele la velocidad en este momento ahora,null,rapido
prendida,rapido,pa atras ahorita,atras,null
prendida,detenida,DE REVERSA MAS RAPIDO DE INMEDIATO,atras,rapido
atras,lenta,SILLA A VELOCIDAD NORMAL EN ESTE MOMENTO AHORITA,atras,normal
adelante,detenida,baja a normal ahorita!!,adelante,normal
adelante + izquierda,rapido,adelante ahora,adelante,rapido
prendida,rapido,SILLA SUBELE LA VELOCIDAD YA!,null,rapido
prendida,detenida,cierra en corto,apagar,detenida
prendida,detenida,dobla al lado derecho,derecha,normal
adelante + izquierda,normal,a la derecha de inmediato,adelante,normal
adelante,detenida,Manten Velocidad Normal En Friega,adelante,normal
adelante + derecha,normal,Hey A La Izquierda,adelante,normal
prendida,detenida,HEY PA ATRAS,atras,null
atras,detenida,por favor con cuidado ya??,atras,lenta
izquierda,detenida,por favor mete mas velocidad de una de inmediato,izquierda,rapido
prendida,detenida,Hey Avanza Ahorita!!,adelante,null
prendida,detenida,OYE CAMINA HACIA ENFRENTE CON CUIDADO POR FAVOR,adelante,lenta
prendida,detenida,PARA ATRAS ACELERA MAS YA,atras,rapido
prendida,detenida,oye al lado derecho apurate,derecha,rapido
prendida,detenida,SILLA MUEVE A LA DERECHA,derecha,null
prendida,detenida,hey continua para enfrente con mas velocidad!!,adelante,rapido
prendida,detenida,en reversa lento,atras,lenta
adelante,normal,A LA IZQUIERDA,adelante + izquierda,normal
prendida,detenida,oye desconectate ahora por favor,apagar,detenida
atras,detenida,hey no tan rapido en corto...,atras,lenta
prendida,detenida,gira a la izquierda velocidad normal ahora,izquierda,normal
prendida,detenida,oye echale hacia atras,atras,normal
prendida,lenta,por favor aumenta la velocidad,null,rapido
prendida,rapido,oye vamos adelante por favor,adelante,null
adelante,rapido,silla velocidad normal en friega ahorita,adelante,normal
prendida,detenida,hey voltea a la derecha ya,derecha,null
prendida,detenida,hey ve de frente despacito por favor,adelante,lenta
prendida,detenida,para atras ahora,atras,null
prendida,normal,hey reduce un poco la velocidad,null,normal
prendida,detenida,EChAle ParA atras,atras,normal
prendida,detenida,cierra ahora,apagar,detenida
adelante,lenta,Reduce Velocidad De Inmediato,adelante,lenta
apagado,detenida,oye inicia...,prender,detenida
prendida,detenida,hey ContinuA hacia adElaNte mete vELocidAd.,adelante,rapido
prendida,lenta,vamos adelante de inmediato!,adelante,null
adelante + derecha,lenta,hey dobla a la izquierda ahora,adelante,lenta
prendida,detenida,dale de frente tranqui,adelante,lenta
apagado,detenida,por favor activate en corto!!,prender,detenida
adelante + derecha,normal,echale para enfrente?,adelante,normal
izquierda,detenida,mas lento ahorita,izquierda,lenta
prendida,detenida,oye derecha mas rapido,derecha,rapido
adelante,detenida,Silla Gira Derecha,adelante + derecha,detenida
adelante,detenida,incrementa la velocidad,adelante,rapido
prendida,detenida,hey regresate COn calma...,atras,lenta
adelante,normal,OYE MUEVE A LA DERECHA.,adelante + derecha,normal
prendida,detenida,silla desconectate ahora ya,apagar,detenida
atras,rapido,con calma ahora,atras,lenta
prendida,detenida,avanza ya,adelante,null
prendida,detenida,oye rueda al frente con cuidado ahora??,adelante,lenta
adelante,lenta,Silla A La Izquierda!,adelante + izquierda,lenta
prendida,detenida,A la dErecHa modo Normal,derecha,normal
prendida,detenida,silla muevete hacia adelante despacio por favor.,adelante,lenta
atras,detenida,modo normal ahorita ahora,atras,normal
prendida,lenta,por favor con mas velocidad ahorita ahorita,null,rapido
atras,rapido,CON CALMA AHORA,atras,lenta
prendida,normal,vamos adelante,adelante,null
apagado,detenida,enciende ya,prender,detenida
adelante,lenta,silla voltea a la izquierda ahorita?,adelante + izquierda,lenta
atras,detenida,Silla Mete Mas Velocidad Ya,atras,rapido
adelante,lenta,hey mueve a la derecha de inmediato!,adelante + derecha,lenta
prendida,detenida,hey dale adelante rapido,adelante,rapido
prendida,detenida,hey rueda hacia atras con mas velocidad de inmediato,atras,rapido
adelante,lenta,con calma de una ahora,adelante,lenta
adelante,lenta,GIRA A LA DERECHA POR FAVOR,adelante + derecha,lenta
prendida,rapido,reduce la velocidad de una,null,lenta
prendida,detenida,oye echale para enfrente,adelante,null
adelante + derecha,normal,por favor ve hacia adelante ya,adelante,normal
apagado,detenida,inicia en friega ahorita!!,prender,detenida
adelante,rapido,giRa a La izquierDa,adelante + izquierda,rapido
adelante + derecha,normal,por favor vamos adelante ahora,adelante,normal
prendida,rapido,por favor echale para enfrente,adelante,null
prendida,detenida,Oye PaRa Adelante,adelante,normal
derecha,lenta,con calma en friega ya,derecha,lenta
adelante,normal,a velocidad normal de inmediato,adelante,normal
prendida,rapido,oye velociDAd normal en este MOmeNtO,null,normal
prendida,normal,por favor ve hacia adelante de inmediato,adelante,null
prendida,detenida,DE FRENTE DESPACITO.,adelante,lenta
adelante,normal,silla a velocidad normal de una!!,adelante,normal
prendida,detenida,echale para atras con calma por favor,atras,lenta
prendida,detenida,Para ATras aceLeRA mAs de inmediato,atras,rapido
prendida,detenida,por favor avanza ponlo normal ahorita,adelante,normal
adelante,detenida,a la izquierda ya...,adelante + izquierda,detenida
prendida,lenta,por favor mas despacio,null,lenta
adelante + izquierda,normal,Voltea A La Derecha,adelante,normal
prendida,detenida,reversa,atras,null
apagado,detenida,inicia ya,prender,detenida
izquierda,lenta,mete mas velocidad de una ya,izquierda,rapido
adelante,lenta,derecha ahorita,adelante + derecha,lenta
prendida,detenida,por favor apaga en este momento ahora,apagar,detenida
prendida,detenida,regresate hacia atras rapido...,atras,rapido
adelante + izquierda,normal,dobla a la derecha de inmediato,adelante,normal
prendida,rapido,silla disminuye la velocidad,null,normal
prendida,detenida,dale hacia atras apurate,atras,rapido
prendida,detenida,gira a la izquierda por favor...,izquierda,null
prendida,detenida,hey llegale para enfrente rapido,adelante,rapido
prendida,detenida,por favor gira izquierda??,izquierda,null
prendida,detenida,oye para enfrente...,adelante,null
prendida,detenida,camina hacia enfrente suavecito por favor,adelante,lenta
adelante,normal,oye mueve a la derecha,adelante + derecha,normal
prendida,normal,OYE BAJA A NORMAL YA,null,normal
prendida,detenida,oye arrancate hacia adelante,adelante,normal
adelante,lenta,girA IZquiErda ya!!,adelante + izquierda,lenta
adelante + derecha,normal,Hey Gira A La Izquierda,adelante,normal
izquierda,lenta,a velocidad normal ya!,izquierda,normal
atras,detenida,Oye Desacelera De Inmediato,atras,lenta
prendida,rapido,hey baja a normal ahorita!!,null,normal
prendida,detenida,oye voltea a la izquierda ahora,izquierda,null
prendida,detenida,apaga ahora por favor?,apagar,detenida
apagado,detenida,encender por favor,prender,detenida
adelante + izquierda,rapido,heY avaNZa,adelante,rapido
prendida,lenta,recula!,atras,null
apagado,detenida,hey enciendete ahorita,prender,detenida
adelante,detenida,BAJALE LA VELOCIDAD DE INMEDIATO DE INMEDIATO??,adelante,lenta
prendida,rapido,no tan rapido en este momento,null,lenta
adelante,rapido,voltea a la izquierda??,adelante + izquierda,rapido
adelante,lenta,oye gira derecha,adelante + derecha,lenta
adelante,rapido,por favor mas lento ya de inmediato,adelante,lenta
prendida,detenida,desconectate de inmediato ya,apagar,detenida
derecha,normal,SILLA ACELERA DE UNA,derecha,rapido
adelante,detenida,oye reduce un poco la velocidad ahorita,adelante,normal
prendida,detenida,por favor rueda para atras,atras,normal
adelante + derecha,lenta,SILLA DOBLA A LA IZQUIERDA AHORA,adelante,lenta
adelante,lenta,silla manten velocidad normal ahorita,adelante,normal
prendida,detenida,avanza trANqUi,adelante,lenta
atras,detenida,oye subele la velocidad ahorita!!,atras,rapido
prendida,detenida,regresate de reversa despacito,atras,lenta
apagado,detenida,por favor enciendete ahorita,prender,detenida
adelante,normal,dobla a la izquierda por favor,adelante + izquierda,normal
adelante + izquierda,rapido,gira derecha por favor,adelante,rapido
adelante + derecha,rapido,oye voltea a la izquierda,adelante,rapido
derecha,normal,silla modo normal ahorita!!,derecha,normal
adelante + derecha,normal,por favor voltea a la izquierda de inmediato,adelante,normal
apagado,detenida,Encender De Inmediato,prender,detenida
adelante,rapido,mete mAS veloCidad por favor,adelante,rapido
prendida,lenta,por favor reduce velocidad,null,lenta
prendida,detenida,oye con mas velocidad de inmediato por favor,null,rapido
adelante + derecha,rapido,oye izquierda ahorita!,adelante,rapido
prendida,rapido,oye no tan rapido en este momento,null,lenta
prendida,detenida,hey arrancate para atras ahora,atras,normal
prendida,detenida,apaga ya,apagar,detenida
prendida,detenida,llegale al frente tranqui??,adelante,lenta
derecha,lenta,desacelera ahorita!,derecha,lenta
prendida,lenta,con calma ya,null,lenta
prendida,detenida,silla a la izquierda a velocidad normal!,izquierda,normal
prendida,detenida,hey ve para adelante mas rapido,adelante,rapido
adelante + izquierda,rapido,oye derecha ya,adelante,rapido
adelante + derecha,lenta,Por Favor Ve Hacia Adelante,adelante,lenta
adelante,normal,dobla a la derecha ahora,adelante + derecha,normal
prendida,detenida,oye ve hacia adelante,adelante,null
adelante,normal,silla ponlo normal por favor!,adelante,normal
prendida,detenida,pa' atras suavecito de inmediato,atras,lenta
adelante,rapido,por Favor ponlo normal,adelante,normal
adelante,rapido,OyE manTen Velocidad normaL yA De inmEdiaTo,adelante,normal
atras,rapido,oye modo normal ya,atras,normal
prendida,detenida,hey hacia adelante mete velocidad por favor,adelante,rapido
prendida,detenida,despacito,null,lenta
adelante,rapido,por favor gira derecha,adelante + derecha,rapido
adelante,rapido,silla a la izquierda ya,adelante + izquierda,rapido
prendida,detenida,silla rueda para atras lento,atras,lenta
apagado,detenida,pReNdete aHora PoR favor,prender,detenida
atras,detenida,aumenta la velocidad ya,atras,rapido
prendida,detenida,adelante mas despacio por favor??,adelante,lenta
prendida,lenta,hazte para atras ya?,atras,null
adelante,normal,BAJALE LA VELOCIDAD DE INMEDIATO,adelante,lenta
prendida,detenida,camina hacia enfrente con cuidado de inmediato!,adelante,lenta
atras,normal,aumenta la velocidad ahorita,atras,rapido
adelante,rapido,normal ahorita,adelante,normal
adelante + derecha,normal,hey vamos adelante!!,adelante,normal
prendida,detenida,hey a la izquierda ya,izquierda,null
adelante,normal,Silla Gira A La Derecha,adelante + derecha,normal
prendida,detenida,hey ve despacio ahorita ahora,null,lenta
prendida,normal,OYE DA REVERSA,atras,null
prendida,detenida,Da Vuelta Pa' La Izquierda Lento,izquierda,lenta
adelante,lenta,oye derecha.,adelante + derecha,lenta
prendida,detenida,continua en reversa suavecito ya,atras,lenta
prendida,detenida,por favor en reversa normal ya,atras,normal
prendida,detenida,avanza ponlo normal!!,adelante,normal
adelante,lenta,con mas velocidad en corto por favor,adelante,rapido
adelante,normal,ve despacio en corto,adelante,lenta
adelante,detenida,POR FAVOR NO TAN RAPIDO DE UNA,adelante,lenta
apagado,detenida,prendete de una,prender,detenida
prendida,detenida,ECHALE DE FRENTE,adelante,normal
atras,normal,Lento,atras,lenta
adelante + derecha,normal,OYE A LA IZQUIERDA AHORITA,adelante,normal
prendida,detenida,arrancate de reversa por favor,atras,normal
adelante,normal,por favor gira derecha de inmediato,adelante + derecha,normal
prendida,rapido,silla para enfrente ahorita,adelante,null
prendida,normal,hey retrocede ahorita,atras,null
prendida,detenida,desconectate de inmediato,apagar,detenida
prendida,detenida,dale hacia atras despacito ya??,atras,lenta
prendida,detenida,avanza un poco...,adelante,null
prendida,lenta,PoR fAvor disminuye la velociDad??,null,normal
prendida,normal,pa atras ahOrA,atras,null
adelante + derecha,normal,muevete adelante...,adelante,normal
prendida,lenta,acelera mas,null,rapido
prendida,detenida,hey desconectate en friega,apagar,detenida
prendida,detenida,oye echate para atras ahorita,atras,null
prendida,detenida,Rueda De Reversa Mete Velocidad...,atras,rapido
adelante + derecha,rapido,silla gira a la izquierda.,adelante,rapido
adelante,normal,hey mete mas velocidad ya por favor,adelante,rapido
prendida,detenida,sigue de reversa mete velocidad,atras,rapido
atras,lenta,por favor disminuye la velocidad ya,atras,normal
prendida,detenida,ve hacia la izquierda,izquierda,normal
prendida,detenida,por favor rueda para atras despacio,atras,lenta
apagado,detenida,enciende ahorita,prender,detenida
atras,detenida,silla con mas velocidad de inmediato,atras,rapido
apagado,detenida,oye arranca ya,prender,detenida
prendida,rapido,ve hacia atras por favor,atras,null
atras,lenta,Incrementa La Velocidad,atras,rapido
prendida,detenida,Apagar...,apagar,detenida
adelante + derecha,normal,adelante.,adelante,normal
prendida,rapido,no tan rapido ya,null,lenta
prendida,detenida,por favor apaga en friega,apagar,detenida
derecha,normal,por favor mete velocidad,derecha,rapido
prendida,detenida,echale para enfrente!!,adelante,null
atras,rapido,no tan rapido de inmediato ya...,atras,lenta
prendida,detenida,desConectate en frIeGa De InmEdiato!!,apagar,detenida
adelante + derecha,lenta,SILLA GIRA IZQUIERDA,adelante,lenta
derecha,normal,hey bajale la velocidad de una ahora,derecha,lenta
prendida,detenida,ve de frente ya,adelante,normal
apagado,detenida,arranca ahorita,prender,detenida
prendida,detenida,oye apaguete,apagar,detenida
prendida,rapido,no tan rapido en friega?,null,lenta
prendida,detenida,Voltea A La Derecha,derecha,null
apagado,detenida,prende ahorita,prender,detenida
izquierda,detenida,con calma ahorita ya,izquierda,lenta
adelante,lenta,modo normal ya,adelante,normal
atras,lenta,bajale la velocidad,atras,lenta
prendida,detenida,gira izquierda!,izquierda,null
prendida,detenida,muevete hacia atras apurate por favor?,atras,rapido
adelante,normal,gira a la derecha?,adelante + derecha,normal
prendida,rapido,oye bajale la velocidad de una de inmediato.,null,lenta
atras,normal,reduce velocidad ahorita.,atras,lenta
prendida,detenida,arrancatE hacia atras con calMa ahora,atras,lenta
prendida,detenida,desactivate en corto!!,apagar,detenida
adelante,rapido,Por Favor Con Calma De Inmediato Ahorita?,adelante,lenta
prendida,detenida,por favor echale para enfrente ahorita!!,adelante,null
prendida,detenida,oye echale al frente,adelante,normal
adelante,normal,POR FAVOR MUEVE A LA DERECHA,adelante + derecha,normal
prendida,detenida,no tan rapido en corto ahora!!,null,lenta
prendida,detenida,Echale Para Atras Por Favor...,atras,normal
prendida,detenida,por favor para enfrente despacito,adelante,lenta
adelante + derecha,lenta,avanza ahorita,adelante,lenta
prendida,detenida,reversa ahorita,atras,null
adelante,lenta,modo normal ya,adelante,normal
prendida,detenida,APAGA EN CORTO YA,apagar,detenida
derecha,normal,oye mas lento ya?,derecha,lenta
prendida,rapido,heY ve deSpacio en COrto,null,lenta
prendida,normal,Con Mas Velocidad De Inmediato Por Favor!!,null,rapido
apagado,detenida,OYE ENCIENDETE EN CORTO DE INMEDIATO,prender,detenida
adelante,normal,aumenta la velocidad de una,adelante,rapido
adelante,lenta,normal en friega!,adelante,normal
adelante + derecha,rapido,hey echale para enfrente?,adelante,rapido
prendida,detenida,por favor gira derecha?,derecha,null
adelante + derecha,lenta,Mueve A La Izquierda Ahorita,adelante,lenta
atras,rapido,a velocidad normal ahorita de inmediato,atras,normal
adelante,detenida,LENTA AHORITA?,adelante,lenta
adelante,normal,manten velocidad normal ahorita de inmediato,adelante,normal
derecha,lenta,hey con mas velocidad ahorita,derecha,rapido
prendida,detenida,por favor dale para atras,atras,normal
prendida,normal,silla mete mas velocidad en friega por favor,null,rapido
adelante + izquierda,lenta,Hey A La Derecha Ahora,adelante,lenta
prendida,lenta,silla aumenta la velocidad ya??,null,rapido
prendida,detenida,sigue en reversa rapido ya,atras,rapido
prendida,rapido,silla pa enfrente ahorita,adelante,null
apagado,detenida,por favor enciende ahora ahorita,prender,detenida
adelante + izquierda,lenta,oye gira derecha ya,adelante,lenta
prendida,normal,oye retrocede??,atras,null
prendida,detenida,por favor echale para adelante apurate de inmediato.,adelante,rapido
prendida,detenida,adelante lenta de inmediato...,adelante,lenta
prendida,detenida,muevete para enfrente,adelante,normal
adelante,rapido,por favOR girA dErecha Ahora,adelante + derecha,rapido
adelante,lenta,a la derecha por favor!,adelante + derecha,lenta
atras,normal,Acelera Mas,atras,rapido
prendida,lenta,redUce uN pOco la vElOcidad ahOrita?,null,normal
prendida,detenida,echale hacia adelante con calma,adelante,lenta
adelante,rapido,izquierDa,adelante + izquierda,rapido
adelante + izquierda,rapido,por favor derecha ahorita,adelante,rapido
adelante,lenta,A La Derecha Ya?,adelante + derecha,lenta
prendida,rapido,dale adelante ahorita,adelante,null
adelante,rapido,por favor gira a la izquierda ahorita,adelante + izquierda,rapido
prendida,detenida,cierra en corto...,apagar,detenida
apagado,detenida,enciendete en corto ahorita,prender,detenida
adelante,normal,OYE A LA IZQUIERDA,adelante + izquierda,normal
atras,rapido,Normal Ya Ya!!,atras,normal
atras,normal,no tan rapido en friega,atras,lenta
prendida,lenta,pOR fAvor PaRa enfrente,adelante,null
prendida,detenida,Desconectate En Corto!!,apagar,detenida
apagado,detenida,oye enciENde aHorIta,prender,detenida
adelante,detenida,silLa vOltea a la izquierda,adelante + izquierda,detenida
prendida,lenta,deSACELEra En friegA De inmediato,null,lenta
prendida,detenida,dAle adelante,adelante,null
apagado,detenida,prende en este momento,prender,detenida
prendida,detenida,POR FAVOR PONTE EN REVERSA RAPIDO,atras,rapido
apagado,detenida,enciende ahora,prender,detenida
prendida,detenida,silla ve hacia adelante por favor,adelante,null
prendida,detenida,Cierra Ahorita,apagar,detenida
adelante,rapido,mueve a la derecha ahora.,adelante + derecha,rapido
adelante + izquierda,rapido,Dobla A La Derecha Ya,adelante,rapido
adelante + derecha,lenta,dobla a la izquierda por favor,adelante,lenta
prendida,normal,Silla Vamos Adelante.,adelante,null
adelante + izquierda,rapido,hey a la derecha.,adelante,rapido
prendida,detenida,IZQUIERDA MAS RAPIDO!!,izquierda,rapido
derecha,rapido,subele la velocidad en corto,derecha,rapido
prendida,detenida,oye regresate de reversa con calma ya,atras,lenta
prendida,detenida,oye apaga de una??,apagar,detenida
prendida,detenida,sIlla da VueLta a la dereChA nOrmal,derecha,normal
apagado,detenida,enciende en corto,prender,detenida
prendida,rapido,baja a normal!!,null,normal
prendida,detenida,mueveTe PA' LA izQuIErda maS rapIdo,izquierda,rapido
prendida,detenida,gira hacia la izquierda despacio ahora!!,izquierda,lenta
adelante,rapido,por favor no tan rapido de una.,adelante,lenta
prendida,detenida,haciA Adelante suavecito?,adelante,lenta
adelante,rapido,baja a normal ya,adelante,normal
prendida,detenida,continua hacia adelante!!,adelante,null
atras,detenida,velocidad normal en friEga...,atras,normal
adelante,rapido,Silla Reduce La Velocidad Ya,adelante,lenta
adelante + izquierda,rapido,silla echale para enfrente ahorita...,adelante,rapido
derecha,lenta,con mas velocidad de una por favor,derecha,rapido
prendida,detenida,ve hacia adelante velocidad normal,adelante,normal
apagado,detenida,prende ahora ahorita,prender,detenida
adelante,rapido,izquierda ahora,adelante + izquierda,rapido
adelante,rapido,a la derecha ahora!,adelante + derecha,rapido
apagado,detenida,inicia??,prender,detenida
prendida,detenida,derecho con cuidado,adelante,lenta
prendida,detenida,oye echale para enfrente,adelante,null
prendida,detenida,hey dale adelante de inmediato.,adelante,null
apagado,detenida,HEY INICIA DE INMEDIATO,prender,detenida
prendida,normal,con mas velocidad ahorita ahorita,null,rapido
prendida,detenida,oye retrocede,atras,null
prendida,rapido,hey auMenta la velocidad ahorita De InmEdiato,null,rapido
prendida,normal,para enfrente!!,adelante,null
prendida,detenida,Dale De Reversa Despacito,atras,lenta
atras,normal,por favor subele la velocidad,atras,rapido
prendida,lenta,oyE auMenta la veloCidad En eSTE MomEnto ahOrita,null,rapido
prendida,detenida,da reversa lento ya,atras,lenta
prendida,lenta,silla a velocidad normal de una ahora,null,normal
prendida,detenida,oye echale de reversa mas rapido?,atras,rapido
prendida,detenida,izquierda ya,izquierda,null
adelante + izquierda,lenta,Hey Mueve A La Derecha.,adelante,lenta
atras,lenta,oye con mas velocidad en corto,atras,rapido
adelante,rapido,Suavecito,adelante,lenta
prendida,rapido,oye velocidad normal,null,normal
prendida,detenida,Sigue Derecho Mas Rapido Ya,adelante,rapido
prendida,detenida,oye muevete hacia la derecha de inmediato,derecha,normal
adelante + derecha,rapido,voltea a la izquierda ahorita,adelante,rapido
prendida,detenida,rueda de frente rapido,adelante,rapido
atras,detenida,hey manten velocidad normal ya ya,atras,normal
prendida,detenida,muevete hacia adelante ahora,adelante,normal
prendida,detenida,silla dale adelante por favor,adelante,null
prendida,detenida,hey rueda hacia adelante despacio,adelante,lenta
prendida,detenida,camina hacia enfrente,adelante,normal
prendida,detenida,RETROCEDE AHORITA?,atras,null
adelante,lenta,A LA IZQUIERDA YA,adelante + izquierda,lenta
adelante + derecha,normal,por favor avanza ya,adelante,normal
adelante,lenta,gira a la derecha?,adelante + derecha,lenta
prendida,detenida,muevete hacia adelante con mas velocidad,adelante,rapido
adelante,rapido,con mas velocidad de una,adelante,rapido
prendida,detenida,apaga la silla ahora,apagar,detenida
apagado,detenida,oye prender!,prender,detenida
prendida,detenida,ponte en reversa normal,atras,normal
prendida,detenida,por FAvOr avanza,adelante,null
prendida,detenida,oye apagate ahora ahora,apagar,detenida
adelante,detenida,por favor con calma,adelante,lenta
adelante,normal,acelera...,adelante,rapido
prendida,lenta,hey vamos adelante de inmediato,adelante,null
prendida,normal,modo normal por favor,null,normal
apagado,detenida,OYE ENCIENDE EN ESTE MOMENTO YA,prender,detenida
prendida,detenida,oye atras,atras,null
adelante + izquierda,rapido,oye gira derecha ahora,adelante,rapido
adelante,lenta,a la derecha ya,adelante + derecha,lenta
adelante,normal,POR FAVOR IZQUIERDA,adelante + izquierda,normal
prendida,detenida,apagar ahora,apagar,detenida
prendida,detenida,Apagate En Friega,apagar,detenida
adelante + derecha,lenta,dobla a la izquierda ya,adelante,lenta
prendida,detenida,hey ve hacia adelante por favor!!,adelante,null
adelante + derecha,normal,POR FAVOR GIRA A LA IZQUIERDA,adelante,normal
prendida,detenida,oye muevete para atras normal ahorita,atras,normal
prendida,detenida,silla ve hacia adelante despacio,adelante,lenta
adelante + izquierda,rapido,Mueve A La Derecha Ahorita!!,adelante,rapido
prendida,detenida,echale para enfrente de inmediato,adelante,null
adelante + derecha,lenta,izquierda ahora,adelante,lenta
adelante,detenida,lenta,adelante,lenta
atras,lenta,Hey rapiDo,atras,rapido
prendida,detenida,ECHATE PARA ATRAS DE INMEDIATO,atras,null
prendida,detenida,OYE DA VUELTA A LA IZQUIERDA MAS RAPIDO,izquierda,rapido
adelante + derecha,rapido,oye vamos adelante,adelante,rapido
adelante,normal,a la derecha ya,adelante + derecha,normal
prendida,detenida,hey atras,atras,null
prendida,normal,Muevete Atras De Inmediato...,atras,null
atras,rapido,velocidad normal en este momento!,atras,normal
prendida,detenida,ve para adelante mas rapido,adelante,rapido
adelante + izquierda,rapido,silla echale para enfrente,adelante,rapido
prendida,detenida,voltea a la izquierda de inmediato,izquierda,null
prendida,detenida,de reversa mas rapido,atras,rapido
prendida,detenida,hey ve al lado izquierdo con mas velocidad de inmediato,izquierda,rapido
prendida,lenta,SUBELE LA VELOCIDAD YA,null,rapido
apagado,detenida,inicia en friega,prender,detenida
prendida,detenida,por favor adelantate de inmediato?,adelante,normal
prendida,rapido,hey da reversa,atras,null
prendida,detenida,adelantate normal,adelante,normal
adelante + izquierda,rapido,muevete adelante de inmediato,adelante,rapido
prendida,detenida,oye para enfrente,adelante,null
prendida,detenida,silla mas rapido ahOrITA ahorita,null,rapido
izquierda,normal,hey bajale la velocidad de inmediato,izquierda,lenta
atras,detenida,oye con mas velocidad ahorita,atras,rapido
prendida,detenida,Hey Adelantate Normal,adelante,normal
atras,normal,reduce velocidad ya,atras,lenta
adelante,lenta,oye con calma en friega,adelante,lenta
adelante + izquierda,rapido,silla gira derecha ya,adelante,rapido
prendida,lenta,dale adelante??,adelante,null
prendida,detenida,hey dobla a la izquierda ya,izquierda,null
apagado,detenida,por favor arranca,prender,detenida
adelante + derecha,normal,Gira Izquierda Ahora,adelante,normal
adelante,normal,oye dobla a la derecha.,adelante + derecha,normal
prendida,detenida,Ve Hacia Atras Ahorita,atras,null
prendida,detenida,hey rEtroCEde mAs rapido por favor,atras,rapido
derecha,detenida,por favor disminuye la velocidad ahorita,derecha,normal
prendida,detenida,Atras Velocidad Normal Ahorita,atras,normal
adelante + derecha,rapido,PARA ENFRENTE,adelante,rapido
adelante,normal,A La Derecha Ya,adelante + derecha,normal
adelante,detenida,por favor acelera de una,adelante,rapido
prendida,normal,continua hacia adelante.,adelante,null
adelante,lenta,hey gira derecha por favor,adelante + derecha,lenta
prendida,detenida,Por Favor A La Izquierda,izquierda,null
prendida,detenida,Oye Para Adelante A Velocidad Normal,adelante,normal
prendida,detenida,oye desconectate en friega de inmediato,apagar,detenida
atras,rapido,oye normal ya ahorita,atras,normal
prendida,rapido,hey reversa,atras,null
prendida,detenida,De Reversa Rapido Ya,atras,rapido
prendida,detenida,por favor gira derecha ya,derecha,null
prendida,detenida,reversa acelera,atras,rapido
prendida,detenida,recula!!,atras,null
atras,normal,oye manten velocidad normal ahorita??,atras,normal
adelante + izquierda,normal,oye mueve a la derecha de inmeDiato,adelante,normal
apagado,detenida,prendete ahora,prender,detenida
prendida,detenida,hey mueve a la derecha ya...,derecha,null
apagado,detenida,enciendete en corto!!,prender,detenida
adelante,rapido,Oye Gira A La Derecha,adelante + derecha,rapido
prendida,detenida,silla vamos atras,atras,null
atras,normal,hey a velocidad normal de una.,atras,normal
prendida,detenida,ParA enfrente ahOrIta,adelante,null
atras,lenta,por favor velocidad normal,atras,normal
prendida,detenida,ECHALE PARA ENFRENTE,adelante,null
prendida,detenida,vamos adelante por favor,adelante,null
adelante,normal,silla despacio,adelante,lenta
atras,lenta,desacelera en friega?,atras,lenta
adelante,rapido,silla izquierda!,adelante + izquierda,rapido
prendida,detenida,hey ve hacia atras,atras,null
prendida,detenida,silla rueda hacia atras,atras,normal
adelante,rapido,PONLO NORMAL,adelante,normal
prendida,detenida,con calMa ya,null,lenta
prendida,lenta,modo normal ahora por favor!!,null,normal
adelante,rapido,NO TAN RAPIDO DE INMEDIATO,adelante,lenta
prendida,detenida,por favor adelante lento,adelante,lenta
prendida,detenida,silla adelante,adelante,null
atras,normal,silla mas rapido de una,atras,rapido
adelante,rapido,hey gira derecha de inmediato,adelante + derecha,rapido
izquierda,normal,baja la velocidad,izquierda,lenta
prendida,detenida,ECHALE PARA ENFRENTE YA?,adelante,normal
adelante,detenida,Oye Voltea A La Izquierda,adelante + izquierda,detenida
prendida,lenta,aTrAs,atras,null
prendida,detenida,disminuye la velocidad,null,normal
prendida,normal,Para Atras,atras,null
adelante,rapido,A velocidad normal eN este mOmento,adelante,normal
adelante,lenta,oye voltea a la izquierda,adelante + izquierda,lenta
prendida,detenida,para atras ahorita...,atras,null
atras,rapido,por favor subele la velocidad,atras,rapido
prendida,lenta,hey a velocidad normal ahorita por favor,null,normal
prendida,detenida,SILLA VE HACIA ADELANTE,adelante,null
apagado,detenida,por favor enciende en corto,prender,detenida
adelante,lenta,hey aumenta la velocidad ahora!,adelante,rapido
adelante + derecha,normal,silla gira a la izquierda,adelante,normal
prendida,normal,por favor mete mas velocidad en este momento,null,rapido
prendida,detenida,hey para enfrente,adelante,null
prendida,detenida,OYE ARRANCATE PARA ADELANTE YA,adelante,normal
apagado,detenida,silla prende ahorita de inmediato,prender,detenida
prendida,detenida,por favor a la derecha ahora,derecha,null
atras,rapido,con calma ahorita,atras,lenta
prendida,detenida,silla avanza despacito,adelante,lenta
prendida,detenida,apaguete,apagar,detenida
prendida,detenida,apagate ahorita!!,apagar,detenida
apagado,detenida,por favor enciendete de una,prender,detenida
prendida,detenida,por favor pa' atras rapido,atras,rapido
apagado,detenida,por favor enciendete en corto,prender,detenida
prendida,detenida,oye hacia la derecha despacito,derecha,lenta
prendida,detenida,POR FAVOR DALE PARA ENFRENTE CON MAS VELOCIDAD AHORITA,adelante,rapido
prendida,detenida,oye ve hacia adelante.,adelante,null
prendida,detenida,Apaga En Corto.,apagar,detenida
adelante,rapido,Desacelera De Una,adelante,lenta
adelante + izquierda,normal,Hey Pa Enfrente Ya,adelante,normal
adelante,normal,CON MAS VELOCIDAD DE UNA,adelante,rapido
derecha,rapido,Manten Velocidad Normal Ya,derecha,normal
prendida,detenida,por favor tuerce para la izquierda con cuidado,izquierda,lenta
adelante + izquierda,rapido,hey ve hacia adelante,adelante,rapido
prendida,normal,mas rapido ya ahora,null,rapido
apagado,detenida,arranca de una,prender,detenida
prendida,rapido,a velocidad normal en este momento ahora,null,normal
adelante,normal,VOLTEA A LA IZQUIERDA AHORITA,adelante + izquierda,normal
adelante,lenta,normal en friega ahora,adelante,normal
adelante,lenta,A La Izquierda,adelante + izquierda,lenta
prendida,detenida,continua derecho normal,adelante,normal
prendida,detenida,SILLA ATRAS MODO NORMAL,atras,normal
prendida,detenida,por favor dobla a la derecha de inmediato,derecha,null
apagado,detenida,por favor enciende en este momento,prender,detenida
prendida,detenida,silla gira izquierda,izquierda,null
prendida,detenida,oye cONtinua parA adelante...,adelante,normal
prendida,detenida,desacelera ahorita,null,lenta
prendida,detenida,ve hacia adelante?,adelante,null
prendida,detenida,por favor llegale para enfrente rapido ahorita,adelante,rapido
prendida,detenida,Silla Gira A La Derecha De Inmediato,derecha,null
apagado,detenida,POR FAVOR ENCIENDE LA SILLA,prender,detenida
prendida,detenida,Apaga En Friega...,apagar,detenida
apagado,detenida,Enciendete Ahorita De Inmediato,prender,detenida
prendida,detenida,derecho mete velocidad ya,adelante,rapido
prendida,detenida,gira a la derecha a velocidad normal,derecha,normal
prendida,detenida,hey desconectate de inmediato,apagar,detenida
adelante,detenida,dobla a la izquierda...,adelante + izquierda,detenida
prendida,detenida,muevete hacia la derecha mas rapido ahorita,derecha,rapido
adelante,lenta,oye a la derecha!,adelante + derecha,lenta
prendida,normal,oye avanza un poco,adelante,null
prendida,normal,oye muevete adelante de inmediato,adelante,null
apagado,detenida,arranca ya,prender,detenida
prendida,lenta,MANTEN VELOCIDAD NORMAL EN FRIEGA,null,normal
prendida,lenta,por favor echate para atras,atras,null
adelante + derecha,rapido,avANza??,adelante,rapido
prendida,detenida,DA MARCHA ATRAS TRANQUI,atras,lenta
prendida,detenida,por favor desconectate en friega,apagar,detenida
prendida,detenida,muevete adelante...,adelante,null
adelante,normal,por favor gira a la derecha ya!!,adelante + derecha,normal
prendida,detenida,A LA IZQUIERDA POR FAVOR,izquierda,null
prendida,detenida,hey gira a la izquierda rapido,izquierda,rapido
prendida,lenta,Apurate De Inmediato,null,rapido
adelante + izquierda,normal,hey adelante ahora,adelante,normal
apagado,detenida,silla enciendete en corto,prender,detenida
atras,rapido,Normal,atras,normal
prendida,detenida,Hey En Reversa,atras,normal
atras,detenida,mete mas velocidad de una ahorita,atras,rapido
prendida,detenida,silla baja la velocidad de inmediato,null,lenta
prendida,rapido,velocidad normal en friega de inmediato,null,normal
adelante + derecha,lenta,gira a la izquierda por favor.,adelante,lenta
prendida,detenida,hey dobla a la derecha normal ahora,derecha,normal
prendida,detenida,por favor atras acelera mas ahorita,atras,rapido
prendida,detenida,Oye Mueve A La Derecha,derecha,null
prendida,normal,ve hacia atras.,atras,null
prendida,detenida,SILLA DESACTIVATE EN CORTO?,apagar,detenida
prendida,detenida,sillA llegale de revErsa con mas vELociDAd por fAvOr,atras,rapido
atras,detenida,por favor despacio ahorita,atras,lenta
atras,lenta,silla a velocidad normal ya,atras,normal
prendida,lenta,Avanza Ahorita,adelante,null
prendida,detenida,hey apagate en friega por favor,apagar,detenida
prendida,detenida,silla apaga ahora ya,apagar,detenida
prendida,detenida,oye continua hacia adelante mete velocidad!,adelante,rapido
prendida,normal,poR favor a velocidad NormaL ya ya,null,normal
prendida,detenida,dale en reversa a velocidad normal,atras,normal
adelante,normal,oye gira a la derecha ahorita,adelante + derecha,normal
adelante + derecha,lenta,dale adelante de inmediato,adelante,lenta
prendida,lenta,silla vamos atras de inmediato,atras,null
adelante,detenida,subele la velocidad ahorita por favor,adelante,rapido
prendida,detenida,oye para enfrente suavecito por favor,adelante,lenta
adelante,rapido,Por Favor Izquierda,adelante + izquierda,rapido
adelante + izquierda,detenida,silla derecha!,adelante,detenida
prendida,detenida,descansa de inmediato,apagar,detenida
prendida,detenida,sigue para atras apurate,atras,rapido
prendida,detenida,Silla Avanza Lento,adelante,lenta
prendida,detenida,por favor dobla a la derecha ahorita,derecha,null
prendida,normal,OYE CON CALMA EN CORTO,null,lenta
prendida,detenida,hey muevete atras??,atras,null
apagado,detenida,Hey Enciendete Ahorita Ya,prender,detenida
adelante,detenida,velocidad normal en este momento?,adelante,normal
adelante + izquierda,normal,mueve a la derecha por favor,adelante,normal
prendida,detenida,hey cierra en friega de inmediato,apagar,detenida
prendida,detenida,Gira A La Derecha??,derecha,null
adelante + izquierda,detenida,POR FAVOR A LA DERECHA YA!!,adelante,detenida
prendida,detenida,cierra ahora,apagar,detenida
prendida,normal,oye modo normal ahora ya,null,normal
prendida,rapido,avanza un poco...,adelante,null
prendida,detenida,muevete pa' atras tranqui,atras,lenta
prendida,rapido,ADELANTE,adelante,null
adelante + izquierda,lenta,silla mueve a la derecha??,adelante,lenta
adelante + derecha,rapido,silla voltea a la izquierda?,adelante,rapido
prendida,detenida,CONTINUA AL FRENTE CON CUIDADO,adelante,lenta
prendida,normal,Hey Con Mas Velocidad Ahora De Inmediato,null,rapido
prendida,detenida,Por Favor Atras,atras,null
prendida,lenta,por favor ve despacio en este momento,null,lenta
prendida,detenida,silla da reversa lento,atras,lenta
prendida,detenida,por favor apaga ahora,apagar,detenida
atras,detenida,reduce velocidad,atras,lenta
prendida,detenida,silla echale derecho normal ahorita,adelante,normal
prendida,rapido,baja la velocidad ahorita,null,lenta
prendida,detenida,silla ve al lado derecho!!,derecha,normal
prendida,detenida,hacia adelante rapido,adelante,rapido
prendida,rapido,mete mas velocidad de inmediato,null,rapido
adelante,normal,Silla Aumenta La Velocidad En Friega!!,adelante,rapido
apagado,detenida,enciendete ahorita por favor,prender,detenida
prendida,detenida,pa enfrente?,adelante,null
adelante,rapido,silla voltea a la derecha de inmediato,adelante + derecha,rapido
prendida,detenida,SIGUE ADELANTE,adelante,null
prendida,detenida,pa enfrente ahora,adelante,null
adelante,normal,aumenta la velocidad ya de inmediato,adelante,rapido
adelante,lenta,dobla a la derecha ya??,adelante + derecha,lenta
atras,lenta,oye normal en friega??,atras,normal
prendida,detenida,de frente con cuidado ya,adelante,lenta
prendida,detenida,Muevete Atras Por Favor,atras,null
prendida,detenida,silla lenta??,null,lenta
prendida,detenida,arrancate hacia atras con cuidado por favor,atras,lenta
prendida,detenida,oye lLegale ParA adelante,adelante,normal
adelante,rapido,A La Izquierda De Inmediato,adelante + izquierda,rapido
prendida,rapido,oye echale para enfrente?,adelante,null
prendida,normal,oye recula ahora,atras,null
atras,normal,acelera en friega,atras,rapido
prendida,detenida,silla sigue adelante,adelante,null
atras,lenta,oye manten velocidad normal ahora de inmediato,atras,normal
prendida,lenta,DISMINUYE LA VELOCIDAD A LENTO,null,lenta
prendida,rapido,a velocidad normal ya ahorita,null,normal
prendida,detenida,por favor para atras con mas velocidad ahora,atras,rapido
prendida,detenida,por favor muevete para enfrente rapido ahora,adelante,rapido
prendida,detenida,silLa contiNua hAcia aDelante,adelante,null
adelante,rapido,por favor con mas velocidad ahorita,adelante,rapido
prendida,detenida,oye apagate ya,apagar,detenida
prendida,detenida,dobla a la derecha suavecito,derecha,lenta
prendida,detenida,giRa izquierda!!,izquierda,null
adelante,rapido,dobla a la izquierda ahorita,adelante + izquierda,rapido
adelante,detenida,normal ahorita ahora,adelante,normal
prendida,rapido,por favor pa enfrente.,adelante,null
prendida,rapido,manten velocidad normal ahora ya,null,normal
prendida,rapido,oye baja a normal ahorita!,null,normal
prendida,detenida,avanza ahora,adelante,null
adelante + derecha,rapido,avanza ahorita?,adelante,rapido
adelante,lenta,gira izquierda ya?,adelante + izquierda,lenta
atras,lenta,HEY RAPIDO,atras,rapido
adelante,rapido,dobla a la derecha!,adelante + derecha,rapido
prendida,detenida,para atras ahorita.,atras,null
prendida,detenida,hey A La derecha AhoRA??,derecha,null
adelante,normal,gira izquierda?,adelante + izquierda,normal
prendida,detenida,oye reversa...,atras,null
prendida,detenida,por favor dale pa' atras,atras,normal
prendida,normal,hey bajale la velocidad,null,lenta
prendida,detenida,atras de inmediato,atras,null
apagado,detenida,inicia de inmediato,prender,detenida
adelante,normal,Mueve A La Derecha,adelante + derecha,normal
prendida,rapido,oye despacio,null,lenta
prendida,rapido,por favor sube la velocidad,null,rapido
prendida,detenida,oye derecha lento,derecha,lenta
adelante,normal,Dobla A La Izquierda Ahorita!!,adelante + izquierda,normal
prendida,detenida,desactivate ahorita,apagar,detenida
apagado,detenida,INICIA DE INMEDIATO,prender,detenida
prendida,detenida,tuerce al lado derecho ahora,derecha,normal
prendida,detenida,HEY PA ENFRENTE,adelante,null
atras,detenida,REDUCE LA VELOCIDAD EN ESTE MOMENTO,atras,lenta
prendida,detenida,dobla a la izquierda??,izquierda,null
prendida,detenida,Da Reversa Ahorita,atras,null
prendida,detenida,silla llegale al frente mas rapido.,adelante,rapido
prendida,lenta,SILLA VE DESPACIO EN CORTO...,null,lenta
prendida,detenida,silla camina hacia enfrente mete velocidad,adelante,rapido
prendida,detenida,OYE CIERRA EN CORTO,apagar,detenida
prendida,detenida,silla recula,atras,null
prendida,detenida,oye mueve a la izquierda?,izquierda,null
prendida,detenida,echale de frente con cuidado,adelante,lenta
prendida,detenida,oye tuerce para la derecha tranqui,derecha,lenta
adelante,detenida,silla acelera en friega,adelante,rapido
prendida,lenta,manten velocidad normal ahorita,null,normal
prendida,detenida,por favor apagate ahorita,apagar,detenida
atras,detenida,bajale la velocidad de inmediato,atras,lenta
adelante + izquierda,lenta,gira derecha...,adelante,lenta
prendida,detenida,por favor vamos atras,atras,null
prendida,detenida,ve hacia la derecha con calma,derecha,lenta
prendida,detenida,silla dale adelante,adelante,null
apagado,detenida,silla enciendete,prender,detenida
adelante + derecha,lenta,por favor gira a la izquierda?,adelante,lenta
adelante + derecha,normal,hey gira a la izquierda ahora,adelante,normal
prendida,lenta,por favor ve hacia adelante.,adelante,null
prendida,detenida,retrocede lenta,atras,lenta
prendida,detenida,baja la velocidad de inmediato,null,lenta
prendida,lenta,oye da reversa,atras,null
prendida,detenida,voltea a la derecha acelera,derecha,rapido
prendida,detenida,DOBLA A LA IZQUIERDA,izquierda,null
prendida,detenida,oye muevete para adelante??,adelante,normal
prendida,detenida,APAGATE EN FRIEGA,apagar,detenida
prendida,detenida,silla echale de reversa mas rapido ya,atras,rapido
adelante + derecha,normal,gira izquierda??,adelante,normal
prendida,rapido,por favor subele la velocidad de una,null,rapido
prendida,detenida,por favor ponte en reversa suavecito,atras,lenta
prendida,rapido,No Tan Rapido En Este Momento,null,lenta
prendida,normal,por favor aumenta la velocidad en friega,null,rapido
prendida,detenida,silla apaguete ahora,apagar,detenida
prendida,detenida,oye apaga la silla ahora,apagar,detenida
prendida,rapido,oye a velocidad normal,null,normal
prendida,detenida,arrancate pa' atras,atras,normal
apagado,detenida,activate!,prender,detenida
prendida,detenida,gira a la izquierda ya,izquierda,null
adelante,lenta,oye con calma ahora,adelante,lenta
apagado,detenida,enciendete de una,prender,detenida
izquierda,detenida,subele la velocidad en este momento ahora,izquierda,rapido
prendida,detenida,muevete hacia adelante despacio ya,adelante,lenta
adelante,normal,Oye Velocidad Normal Ahorita!,adelante,normal
prendida,detenida,oye hacia atras con cuidado,atras,lenta
adelante + derecha,normal,silla gira izquierda ya,adelante,normal
prendida,detenida,hacia lA derEcha cOn mas velOCidaD AHOra,derecha,rapido
adelante,normal,hey gIra izquierda,adelante + izquierda,normal
adelante,detenida,gira derecha.,adelante + derecha,detenida
prendida,detenida,sigue adelante de inmediato,adelante,null
prendida,lenta,REDUCE UN POCO LA VELOCIDAD YA,null,normal
adelante,lenta,GIRA A LA DERECHA YA,adelante + derecha,lenta
prendida,detenida,oye dale de reversa rapido ahorita,atras,rapido
adelante + izquierda,rapido,Gira Derecha Ahorita,adelante,rapido
prendida,detenida,para enfrente velocidad normal,adelante,normal
prendida,detenida,dale adelante lenta,adelante,lenta
prendida,rapido,silla echale para enfrente de inmediato,adelante,null
prendida,detenida,echale de reversa mete velocidad...,atras,rapido
adelante,normal,GIRA IZQUIERDA DE INMEDIATO,adelante + izquierda,normal
adelante,lenta,con mas velocidad de una,adelante,rapido
prendida,detenida,ve para atras lento,atras,lenta
prendida,detenida,hey echale al frente tranqui,adelante,lenta
prendida,detenida,oye desconectate ahora ahorita??,apagar,detenida
prendida,detenida,Silla Normal,null,normal
prendida,detenida,desconectate ahora por favor,apagar,detenida
prendida,lenta,con calma por favor!,null,lenta
apagado,detenida,inicia en corto por favor,prender,detenida
prendida,rapido,con calma de inmediato,null,lenta
prendida,detenida,POR FAVOR PA ATRAS YA,atras,null
prendida,detenida,silla adelante modo normal,adelante,normal
adelante,rapido,normal ahora??,adelante,normal
prendida,detenida,oye sigue hacia atras lento,atras,lenta
prendida,detenida,Hey Apagate Ahora,apagar,detenida
prendida,normal,aumenta la velocidad ahorita por favor,null,rapido
adelante,normal,A VELOCIDAD NORMAL!!,adelante,normal
adelante + izquierda,normal,hey gira a la derecha por favor,adelante,normal
adelante,normal,HEY DOBLA A LA IZQUIERDA!!,adelante + izquierda,normal
adelante + derecha,normal,ve hacia adelante?,adelante,normal
prendida,detenida,hey subele la velocidad en este momento,null,rapido
adelante,rapido,hey mueve a la derecha?,adelante + derecha,rapido
adelante + izquierda,detenida,hey vamos adelante??,adelante,detenida
prendida,lenta,pa atras!,atras,null
adelante + izquierda,lenta,VOLTEA A LA DERECHA,adelante,lenta
prendida,detenida,Muevete Al Frente Despacio,adelante,lenta
prendida,detenida,pa' atras suavecito ahora,atras,lenta
prendida,detenida,arrancate de reversa con mas velocidad ahorita,atras,rapido
adelante + izquierda,normal,SILLA DOBLA A LA DERECHA POR FAVOR,adelante,normal
prendida,detenida,Adelante,adelante,null
prendida,detenida,por favor echale para adelante,adelante,normal
prendida,detenida,hey apaga de inmediato!!,apagar,detenida
atras,normal,hey ve despacio de inmediato,atras,lenta
prendida,detenida,adelante,adelante,null
derecha,detenida,por favor baja la velocidad,derecha,lenta
prendida,detenida,vE hacia AdelanTe,adelante,null
prendida,detenida,por favor desactivate ahora de inmediato,apagar,detenida
atras,rapido,por favor con calma ahora,atras,lenta
adelante,detenida,Oye desacelera eN este momeNto,adelante,lenta
prendida,lenta,POR FAVOR ADELANTE,adelante,null
apagado,detenida,inicia en corto,prender,detenida
adelante,rapido,hey subele la velocidad en este momento ahora,adelante,rapido
prendida,detenida,ve hacia atras velocidad normal ahora,atras,normal
prendida,normal,silla incrementa la velocidad,null,rapido
prendida,detenida,oye dale para adelante!,adelante,normal
prendida,detenida,para enfrente normal,adelante,normal
prendida,detenida,paRa aDeLantE norMal,adelante,normal
adelante + izquierda,rapido,PoR favOR a la derecha,adelante,rapido
prendida,detenida,sigue hacia atras normal,atras,normal
prendida,detenida,oye para enfrente modo normal,adelante,normal
adelante,rapido,hey gira a la derecha...,adelante + derecha,rapido
prendida,detenida,silla hiberna,apagar,detenida
prendida,detenida,poR fAvor DEsactivate ahora,apagar,detenida
adelante + izquierda,lenta,oye a la DereCha,adelante,lenta
adelante,normal,derecha!,adelante + derecha,normal
adelante + izquierda,normal,silla pa enfrente,adelante,normal
adelante,lenta,reduce la velocidad ahora!,adelante,lenta
prendida,detenida,por favor apaga ya ahorita!,apagar,detenida
prendida,detenida,arrancate para enfrente??,adelante,normal
prendida,detenida,A LA IZQUIERDA.,izquierda,null
prendida,detenida,arrancate derecho suavecito ya,adelante,lenta
prendida,detenida,Retrocede Mete Velocidad!!,atras,rapido
prendida,rapido,silla desacelera de una de inmediato,null,lenta
prendida,detenida,oye hazte para atras con cuidado,atras,lenta
prendida,detenida,da reversa ya,atras,null
prendida,detenida,hey echale al frente mete velocidad,adelante,rapido
adelante,lenta,hey disminuye la velocidad por favor,adelante,normal
prendida,detenida,arrancate de reversa ya,atras,normal
prendida,normal,avanza un poco ahorita,adelante,null
adelante,detenida,Manten Velocidad Normal En Friega Ya,adelante,normal
prendida,lenta,SUBE LA VELOCIDAD,null,rapido
adelante,detenida,VELOCIDAD NORMAL EN ESTE MOMENTO,adelante,normal
prendida,detenida,oye aumenta la velocidad de inmediato,null,rapido
prendida,detenida,por favor ve hacia atras,atras,null
prendida,detenida,poR favor avanZa un poco,adelante,null
adelante,rapido,SUAVECITO YA.,adelante,lenta
prendida,detenida,oye adelante,adelante,null
atras,rapido,oye subele la velocidad en friega ahorita,atras,rapido
adelante + izquierda,normal,avanza!!,adelante,normal
adelante,lenta,acelera mas??,adelante,rapido
prendida,detenida,hey arrancate hacia atras con cuidado,atras,lenta
prendida,normal,Hazte Para Atras,atras,null
prendida,detenida,hey muevete de frente normal de inmediato.,adelante,normal
adelante,normal,VOLTEA A LA DERECHA,adelante + derecha,normal
prendida,detenida,Por Favor Desconectate De Inmediato,apagar,detenida
prendida,detenida,silla ve a la izquierda apurate,izquierda,rapido
prendida,detenida,hey apaguete por favor.,apagar,detenida
prendida,detenida,hazte para atras a velocidad normal ahorita.,atras,normal
prendida,normal,oye manten velocidad normal ahorita ya,null,normal
prendida,detenida,hey retrocede suavecito!!,atras,lenta
adelante,detenida,mas despacio.,adelante,lenta
adelante + derecha,lenta,oye avanza un poco,adelante,lenta
adelante + derecha,rapido,silla vamos adelante ya,adelante,rapido
atras,detenida,hey modo normal ahorita por favor??,atras,normal
atras,normal,mete mas velocidad ya ahorita,atras,rapido
adelante,normal,oye a la derecha ya.,adelante + derecha,normal
adelante + izquierda,rapido,mueve a la derecha por favor,adelante,rapido
adelante,detenida,OYE GIRA DERECHA,adelante + derecha,detenida
prendida,detenida,POR FAVOR PA ENFRENTE,adelante,null
prendida,rapido,oye muevete atras,atras,null
prendida,detenida,oye gira derecha de inmediato,derecha,null
prendida,detenida,silla apaga en corto ahorita,apagar,detenida
adelante + derecha,normal,Pa Enfrente De Inmediato!!,adelante,normal
adelante,normal,OYE DERECHA POR FAVOR,adelante + derecha,normal
adelante,rapido,rapido de inmediato,adelante,rapido
adelante,rapido,hey con calma de una ya,adelante,lenta
adelante + derecha,lenta,Por Favor Sigue Adelante,adelante,lenta
apagado,detenida,silla arranca ahorita ya!,prender,detenida
adelante,normal,oye gira izquierda,adelante + izquierda,normal
prendida,rapido,por favor mete mas velocidad en corto ahora?,null,rapido
adelante + izquierda,normal,por FavOr muevE a la deRecha ahorA,adelante,normal
prendida,detenida,regresate rapido.,atras,rapido
prendida,detenida,continua al frente apurate ahorita,adelante,rapido
adelante,lenta,hey baja a normal,adelante,normal
prendida,detenida,apagate...,apagar,detenida
prendida,detenida,llegale al frente despacito,adelante,lenta
prendida,detenida,Silla Vamos Atras,atras,null
prendida,rapido,oye reversa,atras,null
prendida,detenida,hey gira a la izquierda de inmediato,izquierda,null
atras,detenida,por favor con mas velocidad ya,atras,rapido
prendida,detenida,por faVOr desConEctatE eN corto ahorIta...,apagar,detenida
prendida,detenida,para enfrente acelera mas ahora,adelante,rapido
prendida,detenida,silla ve hacia atras normal,atras,normal
prendida,detenida,silla voltea pa' la derecha,derecha,normal
prendida,detenida,dobla a la izquierda de inmediato,izquierda,null
adelante + izquierda,rapido,gira A la DereChA Por favOr,adelante,rapido
prendida,normal,oye atras,atras,null
adelante,rapido,silla a la izquierda,adelante + izquierda,rapido
adelante,rapido,por favor subele la velocidad de una,adelante,rapido
atras,rapido,SILLA VE DESPACIO AHORITA,atras,lenta
apagado,detenida,prendete de una.,prender,detenida
adelante,normal,voltea a la izquierda de inmediato,adelante + izquierda,normal
prendida,rapido,incrementa la velocidad ahorita,null,rapido
prendida,detenida,hey arrancate de frente normal ahorita,adelante,normal
atras,detenida,Con Mas Velocidad En Este Momento De Inmediato,atras,rapido
prendida,detenida,echale para adelante apurate,adelante,rapido
adelante,rapido,IZQUIERDA POR FAVOR,adelante + izquierda,rapido
prendida,detenida,desactivate de una ahora!!,apagar,detenida
prendida,normal,aumenta la velocidad en corto de inmediato,null,rapido
prendida,detenida,hacia la izquierda normal,izquierda,normal
adelante,lenta,Por Favor Izquierda Ahorita!,adelante + izquierda,lenta
prendida,detenida,silla ve hacia atrAS acelera,atras,rapido
adelante + derecha,rapido,izquierda de inmediato!!,adelante,rapido
prendida,detenida,echale paRa enfrenTe,adelante,null
izquierda,detenida,por Favor sUaVEcito,izquierda,lenta
prendida,normal,oye con mas velocidad de inmediato,null,rapido
derecha,normal,Silla Disminuye La Velocidad,derecha,normal
prendida,detenida,oye mueve a la izquierda ya,izquierda,null
adelante,normal,mueve a la izquierda ahorita,adelante + izquierda,normal
adelante,lenta,silla izquierda,adelante + izquierda,lenta
adelante + izquierda,lenta,avAnza un pOcO,adelante,lenta
prendida,rapido,Continua Hacia Adelante,adelante,null
prendida,normal,silla mas lento en friega,null,lenta
prendida,detenida,retrocede mas rapido,atras,rapido
prendida,detenida,silla con mas velocidad en este momento,null,rapido
prendida,detenida,regresate mas rapido ahora,atras,rapido
apagado,detenida,activate en este momento,prender,detenida
izquierda,detenida,silla mas lento en friega,izquierda,lenta
adelante + derecha,rapido,por favor mueve a la izquierda ya,adelante,rapido
apagado,detenida,enciendete,prender,detenida
atras,normal,bAJAlE la veloCidAd AHorita POr favor,atras,lenta
adelante,normal,a velocidad normal ahorita de inmediato,adelante,normal
apagado,detenida,enciende en este momento,prender,detenida
derecha,detenida,hey con mas velocidad en corto.,derecha,rapido
prendida,lenta,normal?,null,normal
derecha,rapido,Manten Velocidad Normal Ahora Ya,derecha,normal
prendida,detenida,avanza un poco?,adelante,null
adelante,rapido,Hey Dobla A La Izquierda De Inmediato,adelante + izquierda,rapido
prendida,normal,rEcula,atras,null
prendida,rapido,por favor acelera mas,null,rapido
prendida,detenida,mueve a la izquierda ahorita,izquierda,null
prendida,detenida,ve hacia adelante ya,adelante,null
prendida,detenida,Para Adelante Apurate,adelante,rapido
adelante + derecha,lenta,avanza??,adelante,lenta
adelante + izquierda,normal,hey mueve a la derecha por favor,adelante,normal
prendida,rapido,REDUCE VELOCIDAD AHORITA,null,lenta
prendida,detenida,ruedA dErecho deSpacio,adelante,lenta
apagado,detenida,hey prende ahora,prender,detenida
atras,normal,con mas velocidad de inmediato,atras,rapido
atras,rapido,oye baja la velocidad,atras,lenta
prendida,rapido,Da Reversa De Inmediato,atras,null
adelante,detenida,manten velocidad normal ya,adelante,normal
prendida,detenida,VE PARA LA IZQUIERDA METE VELOCIDAD,izquierda,rapido
prendida,detenida,silla avanza mas despacio ahora,adelante,lenta
adelante + derecha,lenta,hey vamos adelante,adelante,lenta
prendida,detenida,oye continua hacia adelante apurate de inmediato,adelante,rapido
prendida,lenta,no tan rapido en friega ahorita,null,lenta
prendida,detenida,gira izquieRDa ahorita...,izquierda,null
adelante + derecha,normal,silla adelante ahora,adelante,normal
atras,rapido,A VELOCIDAD NORMAL...,atras,normal
prendida,detenida,cierra ahora ya,apagar,detenida
prendida,detenida,hey muevete de reversa suavecito,atras,lenta
adelante,detenida,con cuidado de inmediato,adelante,lenta
adelante,normal,por favor reduce la velocidad ya ya,adelante,lenta
prendida,detenida,AVANZA UN POCO YA,adelante,null
prendida,detenida,por favor da reversa lento ya,atras,lenta
adelante + derecha,rapido,Dobla A lA izquIeRda!,adelante,rapido
adelante,lenta,dobla a la izquierda de inmediato,adelante + izquierda,lenta
prendida,detenida,sigue derecho apurate,adelante,rapido
prendida,detenida,retrocede mete velocidad,atras,rapido
prendida,detenida,silla arrancate hacia atras con cuidado de inmediato,atras,lenta
prendida,detenida,dale pa' atras suavecito,atras,lenta
atras,normal,METE MAS VELOCIDAD DE UNA DE INMEDIATO...,atras,rapido
prendida,detenida,POR FAVOR HAZTE PARA ATRAS AHORITA.,atras,null
prendida,detenida,RAPIDO,null,rapido
apagado,detenida,hey activate en este momento!!,prender,detenida
adelante,lenta,oye a la izquierda de inmediato!,adelante + izquierda,lenta
prendida,detenida,rueda al frente...,adelante,normal
adelante + derecha,normal,a lA iZquierdA!!,adelante,normal
atras,rapido,no tan rapido ya ya.,atras,lenta
derecha,normal,por favor subele la velocidad en este momento,derecha,rapido
prendida,detenida,echale derecho a velocidad normal ahorita,adelante,normal
prendida,detenida,voltea a la izquierda acelera mas.,izquierda,rapido
prendida,normal,ve hacia adelante.,adelante,null
prendida,rapido,reDuce la Velocidad eN corto,null,lenta
prendida,detenida,por favor vamos adelante,adelante,null
prendida,detenida,da marcha atras lento,atras,lenta
prendida,detenida,a la derecha ponlo normal de inmediato,derecha,normal
prendida,detenida,para atras rapido,atras,rapido
prendida,detenida,muevete hacia la izquierda rapido,izquierda,rapido
prendida,detenida,oye atras ahora,atras,null
prendida,detenida,silla atras,atras,null
izquierda,rapido,ve despacio en corto de inmediato,izquierda,lenta
prendida,detenida,ve hacia atras por favor,atras,null
prendida,detenida,silla dobla para la izquierda a velocidad normal,izquierda,normal
atras,rapido,hey lento,atras,lenta
atras,detenida,disminuye la velocidad,atras,normal
prendida,lenta,SillA a veLocidad normal En estE MomenTo por favor,null,normal
prendida,detenida,silla apagate ahora de inmediato,apagar,detenida
prendida,detenida,llegale para atras por favor,atras,normal
prendida,detenida,oye da vuelta pa' la izquierda con cuidado?,izquierda,lenta
prendida,detenida,Por Favor Para Enfrente Con Mas Velocidad,adelante,rapido
atras,normal,no tan rapido en este momento ahorita,atras,lenta
prendida,detenida,por favor llegale para enfrente,adelante,normal
adelante,rapido,silla derecha ahorita,adelante + derecha,rapido
prendida,detenida,MUEVETE ATRAS,atras,null
adelante + derecha,normal,por favor gira a la izquierda...,adelante,normal
adelante + izquierda,rapido,SILLA DOBLA A LA DERECHA,adelante,rapido
adelante + izquierda,rapido,Por Favor A La Derecha De Inmediato,adelante,rapido
adelante,lenta,silla izquierda de inmediato,adelante + izquierda,lenta
prendida,detenida,subele la velocidad ahora?,null,rapido
prendida,detenida,hiberna...,apagar,detenida
prendida,detenida,silla hazte para atras,atras,null
prendida,lenta,hey avanza...,adelante,null
apagado,detenida,prende ahora,prender,detenida
prendida,lenta,oye mas rapido de una ahora,null,rapido
prendida,lenta,Modo Normal Ahora,null,normal
atras,rapido,silla manten velocidad normal ahora,atras,normal
atras,lenta,mAs RapIdO ya...,atras,rapido
adelante + izquierda,rapido,Silla Derecha Ahorita!!,adelante,rapido
adelante + izquierda,rapido,OYE VE HACIA ADELANTE DE INMEDIATO,adelante,rapido
prendida,normal,hey modo normal ya ahora,null,normal
prendida,detenida,por favor ve hacia atras ahorita,atras,null
adelante + derecha,rapido,Silla Dale Adelante Ahorita,adelante,rapido
prendida,detenida,sigue adelante de inmediato,adelante,null
prendida,normal,por favor muevete adelante ya,adelante,null
prendida,detenida,OYE CIERRA EN FRIEGA DE INMEDIATO?,apagar,detenida
izquierda,detenida,con mas velocidad en este momento por favor,izquierda,rapido
